<profile>

<section name = "Vivado HLS Report for 'rgb2yuv'" level="0">
<item name = "Date">Wed Apr 19 15:40:42 2023
</item>
<item name = "Version">2017.2 (Build 1909853 on Thu Jun 15 18:55:24 MDT 2017)</item>
<item name = "Project">yuv_filter.prj</item>
<item name = "Solution">solution1</item>
<item name = "Product family">zynq</item>
<item name = "Target device">xc7z010clg400-1</item>
</section>

<section name = "Performance Estimates" level="0">
<item name = "Timing (ns)">
<section name = "" level="1">
<item name = "Summary"><table name="" hasTotal="0">
<keys size="4">Clock, Target, Estimated, Uncertainty</keys>
<column name="ap_clk">8.00, 8.77, 1.00</column>
</table>
</item>
</section>
</item>
<item name = "Latency (clock cycles)">
<section name = "" level="1">
<item name = "Summary"><table name="" hasTotal="0">
<keys size="6">, min, max, min, max, Type</keys>
<column name="">320401, 19664641, 320401, 19664641, none</column>
</table>
</item>
<item name = "Detail">
<section name = "" level="1">
<item name = "Instance"><table name="" hasTotal="0">
<keys size="7">Instance, Module, min, max, min, max, Type</keys>
</table>
</item>
<item name = "Loop"><table name="" hasTotal="0">
<keys size="8">Loop Name, min, max, Latency, achieved, target, Count, Pipelined</keys>
<column name="- RGB2YUV_LOOP_X">320400, 19664640, 1602 ~ 10242, -, -, 200 ~ 1920, no</column>
<column name=" + RGB2YUV_LOOP_Y">1600, 10240, 8, -, -, 200 ~ 1280, no</column>
</table>
</item>
</section>
</item>
</section>
</item>
</section>

<section name = "Utilization Estimates" level="0">
<item name = "Summary"><table name="" hasTotal="1">
<keys size="5">Name, BRAM_18K, DSP48E, FF, LUT</keys>
<column name="DSP">-, 3, -, -</column>
<column name="Expression">-, 0, 515, 447</column>
<column name="FIFO">-, -, -, -</column>
<column name="Instance">-, -, -, -</column>
<column name="Memory">-, -, -, -</column>
<column name="Multiplexer">-, -, -, 78</column>
<column name="Register">-, -, 232, -</column>
<specialColumn name="Available">120, 80, 35200, 17600</specialColumn>
<specialColumn name="Utilization (%)">0, 3, 2, 2</specialColumn>
</table>
</item>
<item name = "Detail">
<section name = "" level="1">
<item name = "Instance"><table name="" hasTotal="1">
<keys size="6">Instance, Module, BRAM_18K, DSP48E, FF, LUT</keys>
</table>
</item>
<item name = "DSP48"><table name="" hasTotal="0">
<keys size="3">Instance, Module, Expression</keys>
<column name="yuv_filter_mac_mubkb_U0">yuv_filter_mac_mubkb, i0 + i1 * i2</column>
<column name="yuv_filter_mac_mucud_U1">yuv_filter_mac_mucud, i0 * i1 + i2</column>
<column name="yuv_filter_mac_mudEe_U2">yuv_filter_mac_mudEe, i0 + i1 * i2</column>
</table>
</item>
<item name = "Memory"><table name="" hasTotal="1">
<keys size="9">Memory, Module, BRAM_18K, FF, LUT, Words, Bits, Banks, W*Bits*Banks</keys>
</table>
</item>
<item name = "FIFO"><table name="" hasTotal="1">
<keys size="7">Name, BRAM_18K, FF, LUT, Depth, Bits, Size:D*B</keys>
</table>
</item>
<item name = "Expression"><table name="" hasTotal="1">
<keys size="7">Variable Name, Operation, DSP48E, FF, LUT, Bitwidth P0, Bitwidth P1</keys>
<column name="tmp_29_fu_376_p2">*, 0, 0, 62, 8, 8</column>
<column name="tmp_33_fu_414_p2">*, 0, 0, 62, 8, 7</column>
<column name="out_channels_ch1_d0">+, 0, 29, 13, 8, 5</column>
<column name="tmp1_fu_348_p2">+, 0, 0, 14, 16, 16</column>
<column name="tmp2_fu_338_p2">+, 0, 50, 20, 15, 15</column>
<column name="tmp4_fu_290_p2">+, 0, 32, 14, 9, 8</column>
<column name="tmp6_fu_462_p2">+, 0, 0, 14, 16, 8</column>
<column name="tmp8_fu_447_p2">+, 0, 0, 14, 14, 8</column>
<column name="tmp_22_fu_243_p2">+, 0, 74, 28, 23, 23</column>
<column name="tmp_24_fu_274_p2">+, 0, 74, 28, 23, 23</column>
<column name="tmp_26_fu_360_p2">+, 0, 0, 14, 16, 16</column>
<column name="tmp_31_fu_467_p2">+, 0, 0, 14, 16, 16</column>
<column name="tmp_36_fu_485_p2">+, 0, 53, 21, 16, 16</column>
<column name="x_2_fu_213_p2">+, 0, 53, 21, 16, 1</column>
<column name="y_2_fu_264_p2">+, 0, 53, 21, 16, 1</column>
<column name="p_neg_fu_420_p2">-, 0, 44, 18, 1, 13</column>
<column name="tmp_30_fu_408_p2">-, 0, 53, 21, 16, 16</column>
<column name="tmp_35_fu_441_p2">-, 0, 0, 14, 14, 14</column>
<column name="exitcond1_fu_208_p2">icmp, 0, 0, 8, 16, 16</column>
<column name="exitcond_fu_259_p2">icmp, 0, 0, 8, 16, 16</column>
<column name="out_channels_ch2_d0">xor, 0, 0, 9, 8, 9</column>
<column name="out_channels_ch3_d0">xor, 0, 0, 9, 8, 9</column>
</table>
</item>
<item name = "Multiplexer"><table name="" hasTotal="1">
<keys size="5">Name, LUT, Input Size, Bits, Total Bits</keys>
<column name="ap_NS_fsm">60, 11, 1, 11</column>
<column name="x_reg_186">9, 2, 16, 32</column>
<column name="y_reg_197">9, 2, 16, 32</column>
</table>
</item>
<item name = "Register"><table name="" hasTotal="1">
<keys size="5">Name, FF, LUT, Bits, Const Bits</keys>
<column name="B_reg_605">8, 0, 8, 0</column>
<column name="G_reg_599">8, 0, 8, 0</column>
<column name="R_reg_591">8, 0, 8, 0</column>
<column name="ap_CS_fsm">10, 0, 10, 0</column>
<column name="tmp4_reg_613">9, 0, 9, 0</column>
<column name="tmp8_reg_643">13, 0, 14, 1</column>
<column name="tmp_22_reg_556">15, 0, 23, 8</column>
<column name="tmp_24_cast_reg_569">23, 0, 32, 9</column>
<column name="tmp_27_reg_623">8, 0, 8, 0</column>
<column name="tmp_29_reg_628">15, 0, 16, 1</column>
<column name="tmp_30_reg_633">12, 0, 16, 4</column>
<column name="tmp_32_reg_658">8, 0, 8, 0</column>
<column name="tmp_33_reg_638">15, 0, 16, 1</column>
<column name="tmp_35_cast1_reg_618">8, 0, 16, 8</column>
<column name="tmp_37_reg_663">8, 0, 8, 0</column>
<column name="x_2_reg_551">16, 0, 16, 0</column>
<column name="x_reg_186">16, 0, 16, 0</column>
<column name="y_2_reg_564">16, 0, 16, 0</column>
<column name="y_reg_197">16, 0, 16, 0</column>
</table>
</item>
</section>
</item>
</section>

<section name = "Interface" level="0">
<item name = "Summary"><table name="" hasTotal="0">
<keys size="6">RTL Ports, Dir, Bits, Protocol, Source Object, C Type</keys>
<column name="ap_clk">in, 1, ap_ctrl_hs, rgb2yuv, return value</column>
<column name="ap_rst">in, 1, ap_ctrl_hs, rgb2yuv, return value</column>
<column name="ap_start">in, 1, ap_ctrl_hs, rgb2yuv, return value</column>
<column name="ap_done">out, 1, ap_ctrl_hs, rgb2yuv, return value</column>
<column name="ap_idle">out, 1, ap_ctrl_hs, rgb2yuv, return value</column>
<column name="ap_ready">out, 1, ap_ctrl_hs, rgb2yuv, return value</column>
<column name="ap_return_0">out, 16, ap_ctrl_hs, rgb2yuv, return value</column>
<column name="ap_return_1">out, 16, ap_ctrl_hs, rgb2yuv, return value</column>
<column name="in_channels_ch1_address0">out, 22, ap_memory, in_channels_ch1, array</column>
<column name="in_channels_ch1_ce0">out, 1, ap_memory, in_channels_ch1, array</column>
<column name="in_channels_ch1_q0">in, 8, ap_memory, in_channels_ch1, array</column>
<column name="in_channels_ch2_address0">out, 22, ap_memory, in_channels_ch2, array</column>
<column name="in_channels_ch2_ce0">out, 1, ap_memory, in_channels_ch2, array</column>
<column name="in_channels_ch2_q0">in, 8, ap_memory, in_channels_ch2, array</column>
<column name="in_channels_ch3_address0">out, 22, ap_memory, in_channels_ch3, array</column>
<column name="in_channels_ch3_ce0">out, 1, ap_memory, in_channels_ch3, array</column>
<column name="in_channels_ch3_q0">in, 8, ap_memory, in_channels_ch3, array</column>
<column name="in_width_read">in, 16, ap_none, in_width_read, scalar</column>
<column name="in_height_read">in, 16, ap_none, in_height_read, scalar</column>
<column name="out_channels_ch1_address0">out, 22, ap_memory, out_channels_ch1, array</column>
<column name="out_channels_ch1_ce0">out, 1, ap_memory, out_channels_ch1, array</column>
<column name="out_channels_ch1_we0">out, 1, ap_memory, out_channels_ch1, array</column>
<column name="out_channels_ch1_d0">out, 8, ap_memory, out_channels_ch1, array</column>
<column name="out_channels_ch2_address0">out, 22, ap_memory, out_channels_ch2, array</column>
<column name="out_channels_ch2_ce0">out, 1, ap_memory, out_channels_ch2, array</column>
<column name="out_channels_ch2_we0">out, 1, ap_memory, out_channels_ch2, array</column>
<column name="out_channels_ch2_d0">out, 8, ap_memory, out_channels_ch2, array</column>
<column name="out_channels_ch3_address0">out, 22, ap_memory, out_channels_ch3, array</column>
<column name="out_channels_ch3_ce0">out, 1, ap_memory, out_channels_ch3, array</column>
<column name="out_channels_ch3_we0">out, 1, ap_memory, out_channels_ch3, array</column>
<column name="out_channels_ch3_d0">out, 8, ap_memory, out_channels_ch3, array</column>
</table>
</item>
</section>
</profile>
