<stg><name>yuv2rgb</name>


<trans_list>

<trans id="115" from="1" to="2">
<condition id="20">
<or_exp><and_exp></and_exp></or_exp>
</condition>
</trans>

<trans id="116" from="2" to="3">
<condition id="22">
<or_exp><and_exp><literal name="exitcond1" val="0"/>
</and_exp></or_exp>
</condition>
</trans>

<trans id="117" from="3" to="4">
<condition id="23">
<or_exp><and_exp><literal name="exitcond" val="0"/>
</and_exp></or_exp>
</condition>
</trans>

<trans id="127" from="3" to="2">
<condition id="35">
<or_exp><and_exp><literal name="exitcond" val="1"/>
</and_exp></or_exp>
</condition>
</trans>

<trans id="119" from="4" to="5">
<condition id="25">
<or_exp><and_exp></and_exp></or_exp>
</condition>
</trans>

<trans id="120" from="5" to="6">
<condition id="26">
<or_exp><and_exp></and_exp></or_exp>
</condition>
</trans>

<trans id="121" from="6" to="7">
<condition id="27">
<or_exp><and_exp></and_exp></or_exp>
</condition>
</trans>

<trans id="122" from="7" to="8">
<condition id="28">
<or_exp><and_exp></and_exp></or_exp>
</condition>
</trans>

<trans id="123" from="8" to="9">
<condition id="29">
<or_exp><and_exp></and_exp></or_exp>
</condition>
</trans>

<trans id="124" from="9" to="10">
<condition id="30">
<or_exp><and_exp></and_exp></or_exp>
</condition>
</trans>

<trans id="125" from="10" to="11">
<condition id="31">
<or_exp><and_exp></and_exp></or_exp>
</condition>
</trans>

<trans id="126" from="11" to="3">
<condition id="33">
<or_exp><and_exp></and_exp></or_exp>
</condition>
</trans>
</trans_list>



<state_list>

<state id="1" st_id="1">

<operation id="12" st_id="1" stage="1" lat="1">
<core>NULL</core>
<MemPortIdVec></MemPortIdVec>
<condition id="0">
<or_exp><and_exp></and_exp></or_exp>
</condition>

<Node id="9" bw="16" op_0_bw="16" op_1_bw="16">
<![CDATA[
:0  %in_height_read_1 = call i16 @_ssdm_op_Read.ap_auto.i16(i16 %in_height_read)

]]></Node>
<StgValue><ssdm name="in_height_read_1"/></StgValue>
</operation>

<operation id="13" st_id="1" stage="1" lat="1">
<core>NULL</core>
<MemPortIdVec></MemPortIdVec>
<condition id="0">
<or_exp><and_exp></and_exp></or_exp>
</condition>

<Node id="10" bw="16" op_0_bw="16" op_1_bw="16">
<![CDATA[
:1  %in_width_read_1 = call i16 @_ssdm_op_Read.ap_auto.i16(i16 %in_width_read)

]]></Node>
<StgValue><ssdm name="in_width_read_1"/></StgValue>
</operation>

<operation id="14" st_id="1" stage="1" lat="1">
<core>NULL</core>
<MemPortIdVec></MemPortIdVec>
<condition id="0">
<or_exp><and_exp></and_exp></or_exp>
</condition>

<Node id="11" bw="0" op_0_bw="0">
<![CDATA[
:2  br label %1

]]></Node>
<StgValue><ssdm name=""/></StgValue>
</operation>
</state>

<state id="2" st_id="2">

<operation id="15" st_id="2" stage="1" lat="1">
<core>NULL</core>
<MemPortIdVec></MemPortIdVec>
<condition id="1">
<or_exp><and_exp></and_exp></or_exp>
</condition>

<Node id="13" bw="16" op_0_bw="16" op_1_bw="0">
<![CDATA[
:0  %x = phi i16 [ 0, %0 ], [ %x_1, %4 ]

]]></Node>
<StgValue><ssdm name="x"/></StgValue>
</operation>

<operation id="16" st_id="2" stage="1" lat="1">
<core>Cmp</core>
<MemPortIdVec></MemPortIdVec>
<condition id="1">
<or_exp><and_exp></and_exp></or_exp>
</condition>

<Node id="14" bw="1" op_0_bw="16" op_1_bw="16">
<![CDATA[
:1  %exitcond1 = icmp eq i16 %x, %in_width_read_1

]]></Node>
<StgValue><ssdm name="exitcond1"/></StgValue>
</operation>

<operation id="17" st_id="2" stage="1" lat="1">
<core>AddSub</core>
<MemPortIdVec></MemPortIdVec>
<condition id="1">
<or_exp><and_exp></and_exp></or_exp>
</condition>

<Node id="15" bw="16" op_0_bw="16" op_1_bw="16">
<![CDATA[
:2  %x_1 = add i16 %x, 1

]]></Node>
<StgValue><ssdm name="x_1"/></StgValue>
</operation>

<operation id="18" st_id="2" stage="1" lat="1">
<core>NULL</core>
<MemPortIdVec></MemPortIdVec>
<condition id="1">
<or_exp><and_exp></and_exp></or_exp>
</condition>

<Node id="16" bw="0" op_0_bw="1" op_1_bw="0" op_2_bw="0">
<![CDATA[
:3  br i1 %exitcond1, label %5, label %2

]]></Node>
<StgValue><ssdm name=""/></StgValue>
</operation>

<operation id="19" st_id="2" stage="1" lat="1">
<core>NULL</core>
<MemPortIdVec></MemPortIdVec>
<condition id="3">
<or_exp><and_exp><literal name="exitcond1" val="0"/>
</and_exp></or_exp>
</condition>

<Node id="18" bw="0" op_0_bw="0" op_1_bw="0">
<![CDATA[
:0  call void (...)* @_ssdm_op_SpecLoopName([15 x i8]* @p_str3) nounwind

]]></Node>
<StgValue><ssdm name=""/></StgValue>
</operation>

<operation id="20" st_id="2" stage="1" lat="1">
<core>NULL</core>
<MemPortIdVec></MemPortIdVec>
<condition id="3">
<or_exp><and_exp><literal name="exitcond1" val="0"/>
</and_exp></or_exp>
</condition>

<Node id="19" bw="32" op_0_bw="32" op_1_bw="0">
<![CDATA[
:1  %tmp_1 = call i32 (...)* @_ssdm_op_SpecRegionBegin([15 x i8]* @p_str3)

]]></Node>
<StgValue><ssdm name="tmp_1"/></StgValue>
</operation>

<operation id="21" st_id="2" stage="1" lat="1">
<core>NULL</core>
<MemPortIdVec></MemPortIdVec>
<condition id="3">
<or_exp><and_exp><literal name="exitcond1" val="0"/>
</and_exp></or_exp>
</condition>

<Node id="20" bw="0" op_0_bw="0" op_1_bw="32" op_2_bw="32" op_3_bw="32" op_4_bw="0">
<![CDATA[
:2  call void (...)* @_ssdm_op_SpecLoopTripCount(i32 200, i32 1920, i32 1060, [1 x i8]* @p_str1) nounwind

]]></Node>
<StgValue><ssdm name=""/></StgValue>
</operation>

<operation id="22" st_id="2" stage="1" lat="1">
<core>NULL</core>
<MemPortIdVec></MemPortIdVec>
<condition id="3">
<or_exp><and_exp><literal name="exitcond1" val="0"/>
</and_exp></or_exp>
</condition>

<Node id="21" bw="13" op_0_bw="16">
<![CDATA[
:3  %tmp = trunc i16 %x to i13

]]></Node>
<StgValue><ssdm name="tmp"/></StgValue>
</operation>

<operation id="23" st_id="2" stage="1" lat="1">
<core>NULL</core>
<MemPortIdVec></MemPortIdVec>
<condition id="3">
<or_exp><and_exp><literal name="exitcond1" val="0"/>
</and_exp></or_exp>
</condition>

<Node id="22" bw="23" op_0_bw="23" op_1_bw="13" op_2_bw="10">
<![CDATA[
:4  %p_shl2_cast = call i23 @_ssdm_op_BitConcatenate.i23.i13.i10(i13 %tmp, i10 0)

]]></Node>
<StgValue><ssdm name="p_shl2_cast"/></StgValue>
</operation>

<operation id="24" st_id="2" stage="1" lat="1">
<core>NULL</core>
<MemPortIdVec></MemPortIdVec>
<condition id="3">
<or_exp><and_exp><literal name="exitcond1" val="0"/>
</and_exp></or_exp>
</condition>

<Node id="23" bw="15" op_0_bw="16">
<![CDATA[
:5  %tmp_5 = trunc i16 %x to i15

]]></Node>
<StgValue><ssdm name="tmp_5"/></StgValue>
</operation>

<operation id="25" st_id="2" stage="1" lat="1">
<core>NULL</core>
<MemPortIdVec></MemPortIdVec>
<condition id="3">
<or_exp><and_exp><literal name="exitcond1" val="0"/>
</and_exp></or_exp>
</condition>

<Node id="24" bw="23" op_0_bw="23" op_1_bw="15" op_2_bw="8">
<![CDATA[
:6  %p_shl3_cast = call i23 @_ssdm_op_BitConcatenate.i23.i15.i8(i15 %tmp_5, i8 0)

]]></Node>
<StgValue><ssdm name="p_shl3_cast"/></StgValue>
</operation>

<operation id="26" st_id="2" stage="1" lat="1">
<core>AddSub</core>
<MemPortIdVec></MemPortIdVec>
<condition id="3">
<or_exp><and_exp><literal name="exitcond1" val="0"/>
</and_exp></or_exp>
</condition>

<Node id="25" bw="23" op_0_bw="23" op_1_bw="23">
<![CDATA[
:7  %tmp_s = add i23 %p_shl2_cast, %p_shl3_cast

]]></Node>
<StgValue><ssdm name="tmp_s"/></StgValue>
</operation>

<operation id="27" st_id="2" stage="1" lat="1">
<core>NULL</core>
<MemPortIdVec></MemPortIdVec>
<condition id="3">
<or_exp><and_exp><literal name="exitcond1" val="0"/>
</and_exp></or_exp>
</condition>

<Node id="26" bw="0" op_0_bw="0">
<![CDATA[
:8  br label %3

]]></Node>
<StgValue><ssdm name=""/></StgValue>
</operation>

<operation id="28" st_id="2" stage="1" lat="1">
<core>NULL</core>
<MemPortIdVec></MemPortIdVec>
<condition id="5">
<or_exp><and_exp><literal name="exitcond1" val="1"/>
</and_exp></or_exp>
</condition>

<Node id="103" bw="32" op_0_bw="32" op_1_bw="16">
<![CDATA[
:0  %mrv = insertvalue { i16, i16 } undef, i16 %in_width_read_1, 0

]]></Node>
<StgValue><ssdm name="mrv"/></StgValue>
</operation>

<operation id="29" st_id="2" stage="1" lat="1">
<core>NULL</core>
<MemPortIdVec></MemPortIdVec>
<condition id="5">
<or_exp><and_exp><literal name="exitcond1" val="1"/>
</and_exp></or_exp>
</condition>

<Node id="104" bw="32" op_0_bw="32" op_1_bw="16">
<![CDATA[
:1  %mrv_1 = insertvalue { i16, i16 } %mrv, i16 %in_height_read_1, 1

]]></Node>
<StgValue><ssdm name="mrv_1"/></StgValue>
</operation>

<operation id="30" st_id="2" stage="1" lat="1">
<core>NULL</core>
<MemPortIdVec></MemPortIdVec>
<condition id="5">
<or_exp><and_exp><literal name="exitcond1" val="1"/>
</and_exp></or_exp>
</condition>

<Node id="105" bw="0" op_0_bw="32">
<![CDATA[
:2  ret { i16, i16 } %mrv_1

]]></Node>
<StgValue><ssdm name=""/></StgValue>
</operation>
</state>

<state id="3" st_id="3">

<operation id="31" st_id="3" stage="1" lat="1">
<core>NULL</core>
<MemPortIdVec></MemPortIdVec>
<condition id="6">
<or_exp><and_exp></and_exp></or_exp>
</condition>

<Node id="28" bw="16" op_0_bw="16" op_1_bw="0">
<![CDATA[
:0  %y = phi i16 [ 0, %2 ], [ %y_1, %_ifconv ]

]]></Node>
<StgValue><ssdm name="y"/></StgValue>
</operation>

<operation id="32" st_id="3" stage="1" lat="1">
<core>Cmp</core>
<MemPortIdVec></MemPortIdVec>
<condition id="6">
<or_exp><and_exp></and_exp></or_exp>
</condition>

<Node id="29" bw="1" op_0_bw="16" op_1_bw="16">
<![CDATA[
:1  %exitcond = icmp eq i16 %y, %in_height_read_1

]]></Node>
<StgValue><ssdm name="exitcond"/></StgValue>
</operation>

<operation id="33" st_id="3" stage="1" lat="1">
<core>AddSub</core>
<MemPortIdVec></MemPortIdVec>
<condition id="6">
<or_exp><and_exp></and_exp></or_exp>
</condition>

<Node id="30" bw="16" op_0_bw="16" op_1_bw="16">
<![CDATA[
:2  %y_1 = add i16 %y, 1

]]></Node>
<StgValue><ssdm name="y_1"/></StgValue>
</operation>

<operation id="34" st_id="3" stage="1" lat="1">
<core>NULL</core>
<MemPortIdVec></MemPortIdVec>
<condition id="6">
<or_exp><and_exp></and_exp></or_exp>
</condition>

<Node id="31" bw="0" op_0_bw="1" op_1_bw="0" op_2_bw="0">
<![CDATA[
:3  br i1 %exitcond, label %4, label %_ifconv

]]></Node>
<StgValue><ssdm name=""/></StgValue>
</operation>

<operation id="35" st_id="3" stage="1" lat="1">
<core>NULL</core>
<MemPortIdVec></MemPortIdVec>
<condition id="8">
<or_exp><and_exp><literal name="exitcond" val="0"/>
</and_exp></or_exp>
</condition>

<Node id="36" bw="23" op_0_bw="16">
<![CDATA[
_ifconv:3  %tmp_cast = zext i16 %y to i23

]]></Node>
<StgValue><ssdm name="tmp_cast"/></StgValue>
</operation>

<operation id="36" st_id="3" stage="1" lat="1">
<core>AddSub</core>
<MemPortIdVec></MemPortIdVec>
<condition id="8">
<or_exp><and_exp><literal name="exitcond" val="0"/>
</and_exp></or_exp>
</condition>

<Node id="37" bw="23" op_0_bw="23" op_1_bw="23">
<![CDATA[
_ifconv:4  %tmp_6 = add i23 %tmp_cast, %tmp_s

]]></Node>
<StgValue><ssdm name="tmp_6"/></StgValue>
</operation>

<operation id="37" st_id="3" stage="1" lat="1">
<core>NULL</core>
<MemPortIdVec></MemPortIdVec>
<condition id="8">
<or_exp><and_exp><literal name="exitcond" val="0"/>
</and_exp></or_exp>
</condition>

<Node id="38" bw="32" op_0_bw="23">
<![CDATA[
_ifconv:5  %tmp_21_cast = zext i23 %tmp_6 to i32

]]></Node>
<StgValue><ssdm name="tmp_21_cast"/></StgValue>
</operation>

<operation id="38" st_id="3" stage="1" lat="1">
<core>NULL</core>
<MemPortIdVec></MemPortIdVec>
<condition id="8">
<or_exp><and_exp><literal name="exitcond" val="0"/>
</and_exp></or_exp>
</condition>

<Node id="41" bw="22" op_0_bw="8" op_1_bw="32" op_2_bw="32">
<![CDATA[
_ifconv:8  %in_channels_ch3_addr = getelementptr [2457600 x i8]* %in_channels_ch3, i32 0, i32 %tmp_21_cast

]]></Node>
<StgValue><ssdm name="in_channels_ch3_addr"/></StgValue>
</operation>

<operation id="39" st_id="3" stage="4" lat="4">
<core>RAM</core>
<MemPortIdVec>0 </MemPortIdVec>
<condition id="8">
<or_exp><and_exp><literal name="exitcond" val="0"/>
</and_exp></or_exp>
</condition>

<Node id="47" bw="8" op_0_bw="22">
<![CDATA[
_ifconv:14  %V = load i8* %in_channels_ch3_addr, align 1

]]></Node>
<StgValue><ssdm name="V"/></StgValue>
</operation>

<operation id="40" st_id="3" stage="1" lat="1">
<core>NULL</core>
<MemPortIdVec></MemPortIdVec>
<condition id="10">
<or_exp><and_exp><literal name="exitcond" val="1"/>
</and_exp></or_exp>
</condition>

<Node id="100" bw="32" op_0_bw="32" op_1_bw="0" op_2_bw="32">
<![CDATA[
:0  %empty_16 = call i32 (...)* @_ssdm_op_SpecRegionEnd([15 x i8]* @p_str3, i32 %tmp_1)

]]></Node>
<StgValue><ssdm name="empty_16"/></StgValue>
</operation>

<operation id="41" st_id="3" stage="1" lat="1">
<core>NULL</core>
<MemPortIdVec></MemPortIdVec>
<condition id="10">
<or_exp><and_exp><literal name="exitcond" val="1"/>
</and_exp></or_exp>
</condition>

<Node id="101" bw="0" op_0_bw="0">
<![CDATA[
:1  br label %1

]]></Node>
<StgValue><ssdm name=""/></StgValue>
</operation>
</state>

<state id="4" st_id="4">

<operation id="42" st_id="4" stage="1" lat="1">
<core>NULL</core>
<MemPortIdVec></MemPortIdVec>
<condition id="11">
<or_exp><and_exp></and_exp></or_exp>
</condition>

<Node id="39" bw="22" op_0_bw="8" op_1_bw="32" op_2_bw="32">
<![CDATA[
_ifconv:6  %in_channels_ch1_addr = getelementptr [2457600 x i8]* %in_channels_ch1, i32 0, i32 %tmp_21_cast

]]></Node>
<StgValue><ssdm name="in_channels_ch1_addr"/></StgValue>
</operation>

<operation id="43" st_id="4" stage="1" lat="1">
<core>NULL</core>
<MemPortIdVec></MemPortIdVec>
<condition id="11">
<or_exp><and_exp></and_exp></or_exp>
</condition>

<Node id="40" bw="22" op_0_bw="8" op_1_bw="32" op_2_bw="32">
<![CDATA[
_ifconv:7  %in_channels_ch2_addr = getelementptr [2457600 x i8]* %in_channels_ch2, i32 0, i32 %tmp_21_cast

]]></Node>
<StgValue><ssdm name="in_channels_ch2_addr"/></StgValue>
</operation>

<operation id="44" st_id="4" stage="4" lat="4">
<core>RAM</core>
<MemPortIdVec>0 </MemPortIdVec>
<condition id="11">
<or_exp><and_exp></and_exp></or_exp>
</condition>

<Node id="45" bw="8" op_0_bw="22">
<![CDATA[
_ifconv:12  %Y = load i8* %in_channels_ch1_addr, align 1

]]></Node>
<StgValue><ssdm name="Y"/></StgValue>
</operation>

<operation id="45" st_id="4" stage="4" lat="4">
<core>RAM</core>
<MemPortIdVec>0 </MemPortIdVec>
<condition id="11">
<or_exp><and_exp></and_exp></or_exp>
</condition>

<Node id="46" bw="8" op_0_bw="22">
<![CDATA[
_ifconv:13  %U = load i8* %in_channels_ch2_addr, align 1

]]></Node>
<StgValue><ssdm name="U"/></StgValue>
</operation>

<operation id="46" st_id="4" stage="3" lat="4">
<core>RAM</core>
<MemPortIdVec>0 </MemPortIdVec>
<condition id="11">
<or_exp><and_exp></and_exp></or_exp>
</condition>

<Node id="47" bw="8" op_0_bw="22">
<![CDATA[
_ifconv:14  %V = load i8* %in_channels_ch3_addr, align 1

]]></Node>
<StgValue><ssdm name="V"/></StgValue>
</operation>
</state>

<state id="5" st_id="5">

<operation id="47" st_id="5" stage="3" lat="4">
<core>RAM</core>
<MemPortIdVec>0 </MemPortIdVec>
<condition id="12">
<or_exp><and_exp></and_exp></or_exp>
</condition>

<Node id="45" bw="8" op_0_bw="22">
<![CDATA[
_ifconv:12  %Y = load i8* %in_channels_ch1_addr, align 1

]]></Node>
<StgValue><ssdm name="Y"/></StgValue>
</operation>

<operation id="48" st_id="5" stage="3" lat="4">
<core>RAM</core>
<MemPortIdVec>0 </MemPortIdVec>
<condition id="12">
<or_exp><and_exp></and_exp></or_exp>
</condition>

<Node id="46" bw="8" op_0_bw="22">
<![CDATA[
_ifconv:13  %U = load i8* %in_channels_ch2_addr, align 1

]]></Node>
<StgValue><ssdm name="U"/></StgValue>
</operation>

<operation id="49" st_id="5" stage="2" lat="4">
<core>RAM</core>
<MemPortIdVec>0 </MemPortIdVec>
<condition id="12">
<or_exp><and_exp></and_exp></or_exp>
</condition>

<Node id="47" bw="8" op_0_bw="22">
<![CDATA[
_ifconv:14  %V = load i8* %in_channels_ch3_addr, align 1

]]></Node>
<StgValue><ssdm name="V"/></StgValue>
</operation>
</state>

<state id="6" st_id="6">

<operation id="50" st_id="6" stage="2" lat="4">
<core>RAM</core>
<MemPortIdVec>0 </MemPortIdVec>
<condition id="13">
<or_exp><and_exp></and_exp></or_exp>
</condition>

<Node id="45" bw="8" op_0_bw="22">
<![CDATA[
_ifconv:12  %Y = load i8* %in_channels_ch1_addr, align 1

]]></Node>
<StgValue><ssdm name="Y"/></StgValue>
</operation>

<operation id="51" st_id="6" stage="2" lat="4">
<core>RAM</core>
<MemPortIdVec>0 </MemPortIdVec>
<condition id="13">
<or_exp><and_exp></and_exp></or_exp>
</condition>

<Node id="46" bw="8" op_0_bw="22">
<![CDATA[
_ifconv:13  %U = load i8* %in_channels_ch2_addr, align 1

]]></Node>
<StgValue><ssdm name="U"/></StgValue>
</operation>

<operation id="52" st_id="6" stage="1" lat="4">
<core>RAM</core>
<MemPortIdVec>0 </MemPortIdVec>
<condition id="13">
<or_exp><and_exp></and_exp></or_exp>
</condition>

<Node id="47" bw="8" op_0_bw="22">
<![CDATA[
_ifconv:14  %V = load i8* %in_channels_ch3_addr, align 1

]]></Node>
<StgValue><ssdm name="V"/></StgValue>
</operation>

<operation id="53" st_id="6" stage="1" lat="1">
<core>LogicGate</core>
<MemPortIdVec></MemPortIdVec>
<condition id="13">
<or_exp><and_exp></and_exp></or_exp>
</condition>

<Node id="51" bw="8" op_0_bw="8" op_1_bw="8">
<![CDATA[
_ifconv:18  %E = xor i8 %V, -128

]]></Node>
<StgValue><ssdm name="E"/></StgValue>
</operation>
</state>

<state id="7" st_id="7">

<operation id="54" st_id="7" stage="1" lat="4">
<core>RAM</core>
<MemPortIdVec>0 </MemPortIdVec>
<condition id="14">
<or_exp><and_exp></and_exp></or_exp>
</condition>

<Node id="45" bw="8" op_0_bw="22">
<![CDATA[
_ifconv:12  %Y = load i8* %in_channels_ch1_addr, align 1

]]></Node>
<StgValue><ssdm name="Y"/></StgValue>
</operation>

<operation id="55" st_id="7" stage="1" lat="4">
<core>RAM</core>
<MemPortIdVec>0 </MemPortIdVec>
<condition id="14">
<or_exp><and_exp></and_exp></or_exp>
</condition>

<Node id="46" bw="8" op_0_bw="22">
<![CDATA[
_ifconv:13  %U = load i8* %in_channels_ch2_addr, align 1

]]></Node>
<StgValue><ssdm name="U"/></StgValue>
</operation>

<operation id="56" st_id="7" stage="1" lat="1">
<core>LogicGate</core>
<MemPortIdVec></MemPortIdVec>
<condition id="14">
<or_exp><and_exp></and_exp></or_exp>
</condition>

<Node id="50" bw="8" op_0_bw="8" op_1_bw="8">
<![CDATA[
_ifconv:17  %D = xor i8 %U, -128

]]></Node>
<StgValue><ssdm name="D"/></StgValue>
</operation>

<operation id="57" st_id="7" stage="1" lat="1">
<core>NULL</core>
<MemPortIdVec></MemPortIdVec>
<condition id="14">
<or_exp><and_exp></and_exp></or_exp>
</condition>

<Node id="54" bw="17" op_0_bw="8">
<![CDATA[
_ifconv:21  %tmp_8_cast5 = sext i8 %E to i17

]]></Node>
<StgValue><ssdm name="tmp_8_cast5"/></StgValue>
</operation>

<operation id="58" st_id="7" stage="1" lat="1">
<core>Mul</core>
<MemPortIdVec></MemPortIdVec>
<condition id="14">
<or_exp><and_exp></and_exp></or_exp>
</condition>

<Node id="69" bw="17" op_0_bw="17" op_1_bw="17">
<![CDATA[
_ifconv:36  %tmp_13 = mul i17 -208, %tmp_8_cast5

]]></Node>
<StgValue><ssdm name="tmp_13"/></StgValue>
</operation>
</state>

<state id="8" st_id="8">

<operation id="59" st_id="8" stage="1" lat="1">
<core>NULL</core>
<MemPortIdVec></MemPortIdVec>
<condition id="15">
<or_exp><and_exp></and_exp></or_exp>
</condition>

<Node id="48" bw="9" op_0_bw="8">
<![CDATA[
_ifconv:15  %tmp_3_cast = zext i8 %Y to i9

]]></Node>
<StgValue><ssdm name="tmp_3_cast"/></StgValue>
</operation>

<operation id="60" st_id="8" stage="1" lat="1">
<core>DSP48</core>
<MemPortIdVec></MemPortIdVec>
<condition id="15">
<or_exp><and_exp></and_exp></or_exp>
</condition>

<Node id="49" bw="9" op_0_bw="9" op_1_bw="9">
<![CDATA[
_ifconv:16  %C = add i9 -16, %tmp_3_cast

]]></Node>
<StgValue><ssdm name="C"/></StgValue>
</operation>

<operation id="61" st_id="8" stage="1" lat="1">
<core>NULL</core>
<MemPortIdVec></MemPortIdVec>
<condition id="15">
<or_exp><and_exp></and_exp></or_exp>
</condition>

<Node id="52" bw="18" op_0_bw="9">
<![CDATA[
_ifconv:19  %tmp_6_cast = sext i9 %C to i18

]]></Node>
<StgValue><ssdm name="tmp_6_cast"/></StgValue>
</operation>

<operation id="62" st_id="8" stage="1" lat="1">
<core>DSP48</core>
<MemPortIdVec></MemPortIdVec>
<condition id="15">
<or_exp><and_exp></and_exp></or_exp>
</condition>

<Node id="53" bw="18" op_0_bw="18" op_1_bw="18">
<![CDATA[
_ifconv:20  %tmp_7 = mul i18 298, %tmp_6_cast

]]></Node>
<StgValue><ssdm name="tmp_7"/></StgValue>
</operation>

<operation id="63" st_id="8" stage="1" lat="1">
<core>DSP48</core>
<MemPortIdVec></MemPortIdVec>
<condition id="15">
<or_exp><and_exp></and_exp></or_exp>
</condition>

<Node id="57" bw="18" op_0_bw="18" op_1_bw="18">
<![CDATA[
_ifconv:24  %tmp_3 = add i18 128, %tmp_7

]]></Node>
<StgValue><ssdm name="tmp_3"/></StgValue>
</operation>

<operation id="64" st_id="8" stage="1" lat="1">
<core>NULL</core>
<MemPortIdVec></MemPortIdVec>
<condition id="15">
<or_exp><and_exp></and_exp></or_exp>
</condition>

<Node id="66" bw="16" op_0_bw="8">
<![CDATA[
_ifconv:33  %tmp_16_cast4_cast = sext i8 %D to i16

]]></Node>
<StgValue><ssdm name="tmp_16_cast4_cast"/></StgValue>
</operation>

<operation id="65" st_id="8" stage="1" lat="1">
<core>DSP48</core>
<MemPortIdVec></MemPortIdVec>
<condition id="15">
<or_exp><and_exp></and_exp></or_exp>
</condition>

<Node id="67" bw="16" op_0_bw="16" op_1_bw="16">
<![CDATA[
_ifconv:34  %tmp_12 = mul i16 -100, %tmp_16_cast4_cast

]]></Node>
<StgValue><ssdm name="tmp_12"/></StgValue>
</operation>

<operation id="66" st_id="8" stage="1" lat="1">
<core>NULL</core>
<MemPortIdVec></MemPortIdVec>
<condition id="15">
<or_exp><and_exp></and_exp></or_exp>
</condition>

<Node id="68" bw="17" op_0_bw="16">
<![CDATA[
_ifconv:35  %tmp_12_cast = sext i16 %tmp_12 to i17

]]></Node>
<StgValue><ssdm name="tmp_12_cast"/></StgValue>
</operation>

<operation id="67" st_id="8" stage="1" lat="1">
<core>DSP48</core>
<MemPortIdVec></MemPortIdVec>
<condition id="15">
<or_exp><and_exp></and_exp></or_exp>
</condition>

<Node id="70" bw="17" op_0_bw="17" op_1_bw="17">
<![CDATA[
_ifconv:37  %tmp1 = add i17 %tmp_12_cast, %tmp_13

]]></Node>
<StgValue><ssdm name="tmp1"/></StgValue>
</operation>

<operation id="68" st_id="8" stage="1" lat="1">
<core>NULL</core>
<MemPortIdVec></MemPortIdVec>
<condition id="15">
<or_exp><and_exp></and_exp></or_exp>
</condition>

<Node id="82" bw="10" op_0_bw="10" op_1_bw="8" op_2_bw="2">
<![CDATA[
_ifconv:49  %p_shl1 = call i10 @_ssdm_op_BitConcatenate.i10.i8.i2(i8 %D, i2 0)

]]></Node>
<StgValue><ssdm name="p_shl1"/></StgValue>
</operation>

<operation id="69" st_id="8" stage="1" lat="1">
<core>NULL</core>
<MemPortIdVec></MemPortIdVec>
<condition id="15">
<or_exp><and_exp></and_exp></or_exp>
</condition>

<Node id="83" bw="18" op_0_bw="10">
<![CDATA[
_ifconv:50  %p_shl1_cast = sext i10 %p_shl1 to i18

]]></Node>
<StgValue><ssdm name="p_shl1_cast"/></StgValue>
</operation>

<operation id="70" st_id="8" stage="1" lat="1">
<core>AddSub</core>
<MemPortIdVec></MemPortIdVec>
<condition id="15">
<or_exp><and_exp></and_exp></or_exp>
</condition>

<Node id="84" bw="18" op_0_bw="18" op_1_bw="18">
<![CDATA[
_ifconv:51  %tmp2 = add i18 %p_shl1_cast, %tmp_3

]]></Node>
<StgValue><ssdm name="tmp2"/></StgValue>
</operation>
</state>

<state id="9" st_id="9">

<operation id="71" st_id="9" stage="1" lat="1">
<core>NULL</core>
<MemPortIdVec></MemPortIdVec>
<condition id="16">
<or_exp><and_exp></and_exp></or_exp>
</condition>

<Node id="55" bw="18" op_0_bw="8">
<![CDATA[
_ifconv:22  %tmp_8_cast = sext i8 %E to i18

]]></Node>
<StgValue><ssdm name="tmp_8_cast"/></StgValue>
</operation>

<operation id="72" st_id="9" stage="1" lat="1">
<core>DSP48</core>
<MemPortIdVec></MemPortIdVec>
<condition id="16">
<or_exp><and_exp></and_exp></or_exp>
</condition>

<Node id="56" bw="18" op_0_bw="18" op_1_bw="18">
<![CDATA[
_ifconv:23  %tmp_9 = mul i18 409, %tmp_8_cast

]]></Node>
<StgValue><ssdm name="tmp_9"/></StgValue>
</operation>

<operation id="73" st_id="9" stage="1" lat="1">
<core>DSP48</core>
<MemPortIdVec></MemPortIdVec>
<condition id="16">
<or_exp><and_exp></and_exp></or_exp>
</condition>

<Node id="58" bw="18" op_0_bw="18" op_1_bw="18">
<![CDATA[
_ifconv:25  %tmp_4 = add i18 %tmp_3, %tmp_9

]]></Node>
<StgValue><ssdm name="tmp_4"/></StgValue>
</operation>

<operation id="74" st_id="9" stage="1" lat="1">
<core>NULL</core>
<MemPortIdVec></MemPortIdVec>
<condition id="16">
<or_exp><and_exp></and_exp></or_exp>
</condition>

<Node id="59" bw="2" op_0_bw="2" op_1_bw="18" op_2_bw="32" op_3_bw="32">
<![CDATA[
_ifconv:26  %tmp_8 = call i2 @_ssdm_op_PartSelect.i2.i18.i32.i32(i18 %tmp_4, i32 16, i32 17)

]]></Node>
<StgValue><ssdm name="tmp_8"/></StgValue>
</operation>

<operation id="75" st_id="9" stage="1" lat="1">
<core>Cmp</core>
<MemPortIdVec></MemPortIdVec>
<condition id="16">
<or_exp><and_exp></and_exp></or_exp>
</condition>

<Node id="60" bw="1" op_0_bw="2" op_1_bw="2">
<![CDATA[
_ifconv:27  %icmp = icmp eq i2 %tmp_8, 1

]]></Node>
<StgValue><ssdm name="icmp"/></StgValue>
</operation>

<operation id="76" st_id="9" stage="1" lat="1">
<core>NULL</core>
<MemPortIdVec></MemPortIdVec>
<condition id="16">
<or_exp><and_exp></and_exp></or_exp>
</condition>

<Node id="71" bw="18" op_0_bw="17">
<![CDATA[
_ifconv:38  %tmp1_cast = sext i17 %tmp1 to i18

]]></Node>
<StgValue><ssdm name="tmp1_cast"/></StgValue>
</operation>

<operation id="77" st_id="9" stage="1" lat="1">
<core>AddSub</core>
<MemPortIdVec></MemPortIdVec>
<condition id="16">
<or_exp><and_exp></and_exp></or_exp>
</condition>

<Node id="72" bw="18" op_0_bw="18" op_1_bw="18">
<![CDATA[
_ifconv:39  %tmp_14 = add i18 %tmp1_cast, %tmp_3

]]></Node>
<StgValue><ssdm name="tmp_14"/></StgValue>
</operation>

<operation id="78" st_id="9" stage="1" lat="1">
<core>NULL</core>
<MemPortIdVec></MemPortIdVec>
<condition id="16">
<or_exp><and_exp></and_exp></or_exp>
</condition>

<Node id="73" bw="2" op_0_bw="2" op_1_bw="18" op_2_bw="32" op_3_bw="32">
<![CDATA[
_ifconv:40  %tmp_15 = call i2 @_ssdm_op_PartSelect.i2.i18.i32.i32(i18 %tmp_14, i32 16, i32 17)

]]></Node>
<StgValue><ssdm name="tmp_15"/></StgValue>
</operation>

<operation id="79" st_id="9" stage="1" lat="1">
<core>Cmp</core>
<MemPortIdVec></MemPortIdVec>
<condition id="16">
<or_exp><and_exp></and_exp></or_exp>
</condition>

<Node id="74" bw="1" op_0_bw="2" op_1_bw="2">
<![CDATA[
_ifconv:41  %icmp9 = icmp eq i2 %tmp_15, 1

]]></Node>
<StgValue><ssdm name="icmp9"/></StgValue>
</operation>

<operation id="80" st_id="9" stage="1" lat="1">
<core>NULL</core>
<MemPortIdVec></MemPortIdVec>
<condition id="16">
<or_exp><and_exp></and_exp></or_exp>
</condition>

<Node id="75" bw="1" op_0_bw="1" op_1_bw="18" op_2_bw="32">
<![CDATA[
_ifconv:42  %tmp_16 = call i1 @_ssdm_op_BitSelect.i1.i18.i32(i18 %tmp_14, i32 17)

]]></Node>
<StgValue><ssdm name="tmp_16"/></StgValue>
</operation>

<operation id="81" st_id="9" stage="1" lat="1">
<core>NULL</core>
<MemPortIdVec></MemPortIdVec>
<condition id="16">
<or_exp><and_exp></and_exp></or_exp>
</condition>

<Node id="76" bw="8" op_0_bw="8" op_1_bw="18" op_2_bw="32" op_3_bw="32">
<![CDATA[
_ifconv:43  %phitmp2 = call i8 @_ssdm_op_PartSelect.i8.i18.i32.i32(i18 %tmp_14, i32 8, i32 15)

]]></Node>
<StgValue><ssdm name="phitmp2"/></StgValue>
</operation>

<operation id="82" st_id="9" stage="1" lat="1">
<core>Sel</core>
<MemPortIdVec></MemPortIdVec>
<condition id="16">
<or_exp><and_exp></and_exp></or_exp>
</condition>

<Node id="77" bw="8" op_0_bw="1" op_1_bw="8" op_2_bw="8">
<![CDATA[
_ifconv:44  %p_phitmp2 = select i1 %icmp9, i8 -1, i8 0

]]></Node>
<StgValue><ssdm name="p_phitmp2"/></StgValue>
</operation>

<operation id="83" st_id="9" stage="1" lat="1">
<core>LogicGate</core>
<MemPortIdVec></MemPortIdVec>
<condition id="16">
<or_exp><and_exp></and_exp></or_exp>
</condition>

<Node id="78" bw="1" op_0_bw="1" op_1_bw="1">
<![CDATA[
_ifconv:45  %tmp_17 = or i1 %icmp9, %tmp_16

]]></Node>
<StgValue><ssdm name="tmp_17"/></StgValue>
</operation>

<operation id="84" st_id="9" stage="1" lat="1">
<core>Sel</core>
<MemPortIdVec></MemPortIdVec>
<condition id="16">
<or_exp><and_exp></and_exp></or_exp>
</condition>

<Node id="79" bw="8" op_0_bw="1" op_1_bw="8" op_2_bw="8">
<![CDATA[
_ifconv:46  %G = select i1 %tmp_17, i8 %p_phitmp2, i8 %phitmp2

]]></Node>
<StgValue><ssdm name="G"/></StgValue>
</operation>

<operation id="85" st_id="9" stage="1" lat="1">
<core>NULL</core>
<MemPortIdVec></MemPortIdVec>
<condition id="16">
<or_exp><and_exp></and_exp></or_exp>
</condition>

<Node id="80" bw="17" op_0_bw="17" op_1_bw="8" op_2_bw="9">
<![CDATA[
_ifconv:47  %p_shl = call i17 @_ssdm_op_BitConcatenate.i17.i8.i9(i8 %D, i9 0)

]]></Node>
<StgValue><ssdm name="p_shl"/></StgValue>
</operation>

<operation id="86" st_id="9" stage="1" lat="1">
<core>NULL</core>
<MemPortIdVec></MemPortIdVec>
<condition id="16">
<or_exp><and_exp></and_exp></or_exp>
</condition>

<Node id="81" bw="19" op_0_bw="17">
<![CDATA[
_ifconv:48  %p_shl_cast = sext i17 %p_shl to i19

]]></Node>
<StgValue><ssdm name="p_shl_cast"/></StgValue>
</operation>

<operation id="87" st_id="9" stage="1" lat="1">
<core>NULL</core>
<MemPortIdVec></MemPortIdVec>
<condition id="16">
<or_exp><and_exp></and_exp></or_exp>
</condition>

<Node id="85" bw="19" op_0_bw="18">
<![CDATA[
_ifconv:52  %tmp2_cast = sext i18 %tmp2 to i19

]]></Node>
<StgValue><ssdm name="tmp2_cast"/></StgValue>
</operation>

<operation id="88" st_id="9" stage="1" lat="1">
<core>AddSub</core>
<MemPortIdVec></MemPortIdVec>
<condition id="16">
<or_exp><and_exp></and_exp></or_exp>
</condition>

<Node id="86" bw="19" op_0_bw="19" op_1_bw="19">
<![CDATA[
_ifconv:53  %tmp_18 = add i19 %tmp2_cast, %p_shl_cast

]]></Node>
<StgValue><ssdm name="tmp_18"/></StgValue>
</operation>

<operation id="89" st_id="9" stage="1" lat="1">
<core>NULL</core>
<MemPortIdVec></MemPortIdVec>
<condition id="16">
<or_exp><and_exp></and_exp></or_exp>
</condition>

<Node id="87" bw="3" op_0_bw="3" op_1_bw="19" op_2_bw="32" op_3_bw="32">
<![CDATA[
_ifconv:54  %tmp_19 = call i3 @_ssdm_op_PartSelect.i3.i19.i32.i32(i19 %tmp_18, i32 16, i32 18)

]]></Node>
<StgValue><ssdm name="tmp_19"/></StgValue>
</operation>

<operation id="90" st_id="9" stage="1" lat="1">
<core>Cmp</core>
<MemPortIdVec></MemPortIdVec>
<condition id="16">
<or_exp><and_exp></and_exp></or_exp>
</condition>

<Node id="88" bw="1" op_0_bw="3" op_1_bw="3">
<![CDATA[
_ifconv:55  %icmp1 = icmp sgt i3 %tmp_19, 0

]]></Node>
<StgValue><ssdm name="icmp1"/></StgValue>
</operation>

<operation id="91" st_id="9" stage="1" lat="1">
<core>NULL</core>
<MemPortIdVec></MemPortIdVec>
<condition id="16">
<or_exp><and_exp></and_exp></or_exp>
</condition>

<Node id="89" bw="1" op_0_bw="1" op_1_bw="19" op_2_bw="32">
<![CDATA[
_ifconv:56  %tmp_20 = call i1 @_ssdm_op_BitSelect.i1.i19.i32(i19 %tmp_18, i32 18)

]]></Node>
<StgValue><ssdm name="tmp_20"/></StgValue>
</operation>

<operation id="92" st_id="9" stage="1" lat="1">
<core>NULL</core>
<MemPortIdVec></MemPortIdVec>
<condition id="16">
<or_exp><and_exp></and_exp></or_exp>
</condition>

<Node id="90" bw="8" op_0_bw="8" op_1_bw="19" op_2_bw="32" op_3_bw="32">
<![CDATA[
_ifconv:57  %phitmp3 = call i8 @_ssdm_op_PartSelect.i8.i19.i32.i32(i19 %tmp_18, i32 8, i32 15)

]]></Node>
<StgValue><ssdm name="phitmp3"/></StgValue>
</operation>

<operation id="93" st_id="9" stage="1" lat="1">
<core>Sel</core>
<MemPortIdVec></MemPortIdVec>
<condition id="16">
<or_exp><and_exp></and_exp></or_exp>
</condition>

<Node id="91" bw="8" op_0_bw="1" op_1_bw="8" op_2_bw="8">
<![CDATA[
_ifconv:58  %p_phitmp3 = select i1 %icmp1, i8 -1, i8 0

]]></Node>
<StgValue><ssdm name="p_phitmp3"/></StgValue>
</operation>

<operation id="94" st_id="9" stage="1" lat="1">
<core>LogicGate</core>
<MemPortIdVec></MemPortIdVec>
<condition id="16">
<or_exp><and_exp></and_exp></or_exp>
</condition>

<Node id="92" bw="1" op_0_bw="1" op_1_bw="1">
<![CDATA[
_ifconv:59  %tmp_21 = or i1 %icmp1, %tmp_20

]]></Node>
<StgValue><ssdm name="tmp_21"/></StgValue>
</operation>

<operation id="95" st_id="9" stage="1" lat="1">
<core>Sel</core>
<MemPortIdVec></MemPortIdVec>
<condition id="16">
<or_exp><and_exp></and_exp></or_exp>
</condition>

<Node id="93" bw="8" op_0_bw="1" op_1_bw="8" op_2_bw="8">
<![CDATA[
_ifconv:60  %B = select i1 %tmp_21, i8 %p_phitmp3, i8 %phitmp3

]]></Node>
<StgValue><ssdm name="B"/></StgValue>
</operation>
</state>

<state id="10" st_id="10">

<operation id="96" st_id="10" stage="1" lat="1">
<core>NULL</core>
<MemPortIdVec></MemPortIdVec>
<condition id="17">
<or_exp><and_exp></and_exp></or_exp>
</condition>

<Node id="42" bw="22" op_0_bw="8" op_1_bw="32" op_2_bw="32">
<![CDATA[
_ifconv:9  %out_channels_ch1_add = getelementptr [2457600 x i8]* %out_channels_ch1, i32 0, i32 %tmp_21_cast

]]></Node>
<StgValue><ssdm name="out_channels_ch1_add"/></StgValue>
</operation>

<operation id="97" st_id="10" stage="1" lat="1">
<core>NULL</core>
<MemPortIdVec></MemPortIdVec>
<condition id="17">
<or_exp><and_exp></and_exp></or_exp>
</condition>

<Node id="43" bw="22" op_0_bw="8" op_1_bw="32" op_2_bw="32">
<![CDATA[
_ifconv:10  %out_channels_ch2_add = getelementptr [2457600 x i8]* %out_channels_ch2, i32 0, i32 %tmp_21_cast

]]></Node>
<StgValue><ssdm name="out_channels_ch2_add"/></StgValue>
</operation>

<operation id="98" st_id="10" stage="1" lat="1">
<core>NULL</core>
<MemPortIdVec></MemPortIdVec>
<condition id="17">
<or_exp><and_exp></and_exp></or_exp>
</condition>

<Node id="44" bw="22" op_0_bw="8" op_1_bw="32" op_2_bw="32">
<![CDATA[
_ifconv:11  %out_channels_ch3_add = getelementptr [2457600 x i8]* %out_channels_ch3, i32 0, i32 %tmp_21_cast

]]></Node>
<StgValue><ssdm name="out_channels_ch3_add"/></StgValue>
</operation>

<operation id="99" st_id="10" stage="1" lat="1">
<core>NULL</core>
<MemPortIdVec></MemPortIdVec>
<condition id="17">
<or_exp><and_exp></and_exp></or_exp>
</condition>

<Node id="61" bw="1" op_0_bw="1" op_1_bw="18" op_2_bw="32">
<![CDATA[
_ifconv:28  %tmp_10 = call i1 @_ssdm_op_BitSelect.i1.i18.i32(i18 %tmp_4, i32 17)

]]></Node>
<StgValue><ssdm name="tmp_10"/></StgValue>
</operation>

<operation id="100" st_id="10" stage="1" lat="1">
<core>NULL</core>
<MemPortIdVec></MemPortIdVec>
<condition id="17">
<or_exp><and_exp></and_exp></or_exp>
</condition>

<Node id="62" bw="8" op_0_bw="8" op_1_bw="18" op_2_bw="32" op_3_bw="32">
<![CDATA[
_ifconv:29  %phitmp = call i8 @_ssdm_op_PartSelect.i8.i18.i32.i32(i18 %tmp_4, i32 8, i32 15)

]]></Node>
<StgValue><ssdm name="phitmp"/></StgValue>
</operation>

<operation id="101" st_id="10" stage="1" lat="1">
<core>Sel</core>
<MemPortIdVec></MemPortIdVec>
<condition id="17">
<or_exp><and_exp></and_exp></or_exp>
</condition>

<Node id="63" bw="8" op_0_bw="1" op_1_bw="8" op_2_bw="8">
<![CDATA[
_ifconv:30  %p_phitmp = select i1 %icmp, i8 -1, i8 0

]]></Node>
<StgValue><ssdm name="p_phitmp"/></StgValue>
</operation>

<operation id="102" st_id="10" stage="1" lat="1">
<core>LogicGate</core>
<MemPortIdVec></MemPortIdVec>
<condition id="17">
<or_exp><and_exp></and_exp></or_exp>
</condition>

<Node id="64" bw="1" op_0_bw="1" op_1_bw="1">
<![CDATA[
_ifconv:31  %tmp_11 = or i1 %icmp, %tmp_10

]]></Node>
<StgValue><ssdm name="tmp_11"/></StgValue>
</operation>

<operation id="103" st_id="10" stage="1" lat="1">
<core>Sel</core>
<MemPortIdVec></MemPortIdVec>
<condition id="17">
<or_exp><and_exp></and_exp></or_exp>
</condition>

<Node id="65" bw="8" op_0_bw="1" op_1_bw="8" op_2_bw="8">
<![CDATA[
_ifconv:32  %R = select i1 %tmp_11, i8 %p_phitmp, i8 %phitmp

]]></Node>
<StgValue><ssdm name="R"/></StgValue>
</operation>

<operation id="104" st_id="10" stage="2" lat="2">
<core>RAM</core>
<MemPortIdVec>0 </MemPortIdVec>
<condition id="17">
<or_exp><and_exp></and_exp></or_exp>
</condition>

<Node id="94" bw="0" op_0_bw="8" op_1_bw="22">
<![CDATA[
_ifconv:61  store i8 %R, i8* %out_channels_ch1_add, align 1

]]></Node>
<StgValue><ssdm name=""/></StgValue>
</operation>

<operation id="105" st_id="10" stage="2" lat="2">
<core>RAM</core>
<MemPortIdVec>0 </MemPortIdVec>
<condition id="17">
<or_exp><and_exp></and_exp></or_exp>
</condition>

<Node id="95" bw="0" op_0_bw="8" op_1_bw="22">
<![CDATA[
_ifconv:62  store i8 %G, i8* %out_channels_ch2_add, align 1

]]></Node>
<StgValue><ssdm name=""/></StgValue>
</operation>

<operation id="106" st_id="10" stage="2" lat="2">
<core>RAM</core>
<MemPortIdVec>0 </MemPortIdVec>
<condition id="17">
<or_exp><and_exp></and_exp></or_exp>
</condition>

<Node id="96" bw="0" op_0_bw="8" op_1_bw="22">
<![CDATA[
_ifconv:63  store i8 %B, i8* %out_channels_ch3_add, align 1

]]></Node>
<StgValue><ssdm name=""/></StgValue>
</operation>
</state>

<state id="11" st_id="11">

<operation id="107" st_id="11" stage="1" lat="1">
<core>NULL</core>
<MemPortIdVec></MemPortIdVec>
<condition id="18">
<or_exp><and_exp></and_exp></or_exp>
</condition>

<Node id="33" bw="0" op_0_bw="0" op_1_bw="0">
<![CDATA[
_ifconv:0  call void (...)* @_ssdm_op_SpecLoopName([15 x i8]* @p_str4) nounwind

]]></Node>
<StgValue><ssdm name=""/></StgValue>
</operation>

<operation id="108" st_id="11" stage="1" lat="1">
<core>NULL</core>
<MemPortIdVec></MemPortIdVec>
<condition id="18">
<or_exp><and_exp></and_exp></or_exp>
</condition>

<Node id="34" bw="32" op_0_bw="32" op_1_bw="0">
<![CDATA[
_ifconv:1  %tmp_2 = call i32 (...)* @_ssdm_op_SpecRegionBegin([15 x i8]* @p_str4)

]]></Node>
<StgValue><ssdm name="tmp_2"/></StgValue>
</operation>

<operation id="109" st_id="11" stage="1" lat="1">
<core>NULL</core>
<MemPortIdVec></MemPortIdVec>
<condition id="18">
<or_exp><and_exp></and_exp></or_exp>
</condition>

<Node id="35" bw="0" op_0_bw="0" op_1_bw="32" op_2_bw="32" op_3_bw="32" op_4_bw="0">
<![CDATA[
_ifconv:2  call void (...)* @_ssdm_op_SpecLoopTripCount(i32 200, i32 1280, i32 740, [1 x i8]* @p_str1) nounwind

]]></Node>
<StgValue><ssdm name=""/></StgValue>
</operation>

<operation id="110" st_id="11" stage="1" lat="2">
<core>RAM</core>
<MemPortIdVec>0 </MemPortIdVec>
<condition id="18">
<or_exp><and_exp></and_exp></or_exp>
</condition>

<Node id="94" bw="0" op_0_bw="8" op_1_bw="22">
<![CDATA[
_ifconv:61  store i8 %R, i8* %out_channels_ch1_add, align 1

]]></Node>
<StgValue><ssdm name=""/></StgValue>
</operation>

<operation id="111" st_id="11" stage="1" lat="2">
<core>RAM</core>
<MemPortIdVec>0 </MemPortIdVec>
<condition id="18">
<or_exp><and_exp></and_exp></or_exp>
</condition>

<Node id="95" bw="0" op_0_bw="8" op_1_bw="22">
<![CDATA[
_ifconv:62  store i8 %G, i8* %out_channels_ch2_add, align 1

]]></Node>
<StgValue><ssdm name=""/></StgValue>
</operation>

<operation id="112" st_id="11" stage="1" lat="2">
<core>RAM</core>
<MemPortIdVec>0 </MemPortIdVec>
<condition id="18">
<or_exp><and_exp></and_exp></or_exp>
</condition>

<Node id="96" bw="0" op_0_bw="8" op_1_bw="22">
<![CDATA[
_ifconv:63  store i8 %B, i8* %out_channels_ch3_add, align 1

]]></Node>
<StgValue><ssdm name=""/></StgValue>
</operation>

<operation id="113" st_id="11" stage="1" lat="1">
<core>NULL</core>
<MemPortIdVec></MemPortIdVec>
<condition id="18">
<or_exp><and_exp></and_exp></or_exp>
</condition>

<Node id="97" bw="32" op_0_bw="32" op_1_bw="0" op_2_bw="32">
<![CDATA[
_ifconv:64  %empty = call i32 (...)* @_ssdm_op_SpecRegionEnd([15 x i8]* @p_str4, i32 %tmp_2)

]]></Node>
<StgValue><ssdm name="empty"/></StgValue>
</operation>

<operation id="114" st_id="11" stage="1" lat="1">
<core>NULL</core>
<MemPortIdVec></MemPortIdVec>
<condition id="18">
<or_exp><and_exp></and_exp></or_exp>
</condition>

<Node id="98" bw="0" op_0_bw="0">
<![CDATA[
_ifconv:65  br label %3

]]></Node>
<StgValue><ssdm name=""/></StgValue>
</operation>
</state>
</state_list>


<ports>
<port id="128" name="in_channels_ch1" dir="0" iftype="1">
<core>RAM</core><StgValue><ssdm name="in_channels_ch1"/><MemPortTyVec>1 3 </MemPortTyVec>
</StgValue>
</port>
<port id="129" name="in_channels_ch2" dir="0" iftype="1">
<core>RAM</core><StgValue><ssdm name="in_channels_ch2"/><MemPortTyVec>1 3 </MemPortTyVec>
</StgValue>
</port>
<port id="130" name="in_channels_ch3" dir="0" iftype="1">
<core>RAM</core><StgValue><ssdm name="in_channels_ch3"/><MemPortTyVec>1 3 </MemPortTyVec>
</StgValue>
</port>
<port id="131" name="in_width_read" dir="0" iftype="0">
<core>NULL</core><StgValue><ssdm name="in_width_read"/></StgValue>
</port>
<port id="132" name="in_height_read" dir="0" iftype="0">
<core>NULL</core><StgValue><ssdm name="in_height_read"/></StgValue>
</port>
<port id="133" name="out_channels_ch1" dir="1" iftype="1">
<core>RAM</core><StgValue><ssdm name="out_channels_ch1"/><MemPortTyVec>0 3 </MemPortTyVec>
</StgValue>
</port>
<port id="134" name="out_channels_ch2" dir="1" iftype="1">
<core>RAM</core><StgValue><ssdm name="out_channels_ch2"/><MemPortTyVec>0 3 </MemPortTyVec>
</StgValue>
</port>
<port id="135" name="out_channels_ch3" dir="1" iftype="1">
<core>RAM</core><StgValue><ssdm name="out_channels_ch3"/><MemPortTyVec>0 3 </MemPortTyVec>
</StgValue>
</port>
</ports>


<dataflows>
<dataflow id="137" from="_ssdm_op_Read.ap_auto.i16" to="in_height_read_1" fromId="136" toId="12">
</dataflow>
<dataflow id="138" from="in_height_read" to="in_height_read_1" fromId="132" toId="12">
</dataflow>
<dataflow id="139" from="_ssdm_op_Read.ap_auto.i16" to="in_width_read_1" fromId="136" toId="13">
</dataflow>
<dataflow id="140" from="in_width_read" to="in_width_read_1" fromId="131" toId="13">
</dataflow>
<dataflow id="142" from="StgValue_141" to="x" fromId="141" toId="15">
<condition id="47">
<or_exp><and_exp></and_exp></or_exp>
</condition>
</dataflow>
<dataflow id="143" from="StgValue_14" to="x" fromId="14" toId="15">
</dataflow>
<dataflow id="144" from="x_1" to="x" fromId="17" toId="15">
<BackEdge/>
<condition id="48">
<or_exp><and_exp><literal name="exitcond" val="1"/>
</and_exp></or_exp>
</condition>
</dataflow>
<dataflow id="145" from="StgValue_41" to="x" fromId="41" toId="15">
<BackEdge/>
</dataflow>
<dataflow id="146" from="x" to="exitcond1" fromId="15" toId="16">
</dataflow>
<dataflow id="147" from="in_width_read_1" to="exitcond1" fromId="13" toId="16">
</dataflow>
<dataflow id="148" from="x" to="x_1" fromId="15" toId="17">
</dataflow>
<dataflow id="150" from="StgValue_149" to="x_1" fromId="149" toId="17">
</dataflow>
<dataflow id="151" from="exitcond1" to="StgValue_18" fromId="16" toId="18">
</dataflow>
<dataflow id="153" from="_ssdm_op_SpecLoopName" to="StgValue_19" fromId="152" toId="19">
</dataflow>
<dataflow id="155" from="p_str3" to="StgValue_19" fromId="154" toId="19">
</dataflow>
<dataflow id="157" from="_ssdm_op_SpecRegionBegin" to="tmp_1" fromId="156" toId="20">
</dataflow>
<dataflow id="158" from="p_str3" to="tmp_1" fromId="154" toId="20">
</dataflow>
<dataflow id="160" from="_ssdm_op_SpecLoopTripCount" to="StgValue_21" fromId="159" toId="21">
</dataflow>
<dataflow id="162" from="StgValue_161" to="StgValue_21" fromId="161" toId="21">
</dataflow>
<dataflow id="164" from="StgValue_163" to="StgValue_21" fromId="163" toId="21">
</dataflow>
<dataflow id="166" from="StgValue_165" to="StgValue_21" fromId="165" toId="21">
</dataflow>
<dataflow id="168" from="p_str1" to="StgValue_21" fromId="167" toId="21">
</dataflow>
<dataflow id="169" from="x" to="tmp" fromId="15" toId="22">
</dataflow>
<dataflow id="171" from="_ssdm_op_BitConcatenate.i23.i13.i10" to="p_shl2_cast" fromId="170" toId="23">
</dataflow>
<dataflow id="172" from="tmp" to="p_shl2_cast" fromId="22" toId="23">
</dataflow>
<dataflow id="174" from="StgValue_173" to="p_shl2_cast" fromId="173" toId="23">
</dataflow>
<dataflow id="175" from="x" to="tmp_5" fromId="15" toId="24">
</dataflow>
<dataflow id="177" from="_ssdm_op_BitConcatenate.i23.i15.i8" to="p_shl3_cast" fromId="176" toId="25">
</dataflow>
<dataflow id="178" from="tmp_5" to="p_shl3_cast" fromId="24" toId="25">
</dataflow>
<dataflow id="180" from="StgValue_179" to="p_shl3_cast" fromId="179" toId="25">
</dataflow>
<dataflow id="181" from="p_shl2_cast" to="tmp_s" fromId="23" toId="26">
</dataflow>
<dataflow id="182" from="p_shl3_cast" to="tmp_s" fromId="25" toId="26">
</dataflow>
<dataflow id="184" from="StgValue_183" to="mrv" fromId="183" toId="28">
</dataflow>
<dataflow id="185" from="in_width_read_1" to="mrv" fromId="13" toId="28">
</dataflow>
<dataflow id="186" from="mrv" to="mrv_1" fromId="28" toId="29">
</dataflow>
<dataflow id="187" from="in_height_read_1" to="mrv_1" fromId="12" toId="29">
</dataflow>
<dataflow id="188" from="mrv_1" to="StgValue_30" fromId="29" toId="30">
</dataflow>
<dataflow id="189" from="StgValue_141" to="y" fromId="141" toId="31">
<condition id="49">
<or_exp><and_exp><literal name="exitcond1" val="0"/>
</and_exp></or_exp>
</condition>
</dataflow>
<dataflow id="190" from="StgValue_27" to="y" fromId="27" toId="31">
</dataflow>
<dataflow id="191" from="y_1" to="y" fromId="33" toId="31">
<BackEdge/>
<condition id="50">
<or_exp><and_exp></and_exp></or_exp>
</condition>
</dataflow>
<dataflow id="192" from="StgValue_114" to="y" fromId="114" toId="31">
<BackEdge/>
</dataflow>
<dataflow id="193" from="y" to="exitcond" fromId="31" toId="32">
</dataflow>
<dataflow id="194" from="in_height_read_1" to="exitcond" fromId="12" toId="32">
</dataflow>
<dataflow id="195" from="y" to="y_1" fromId="31" toId="33">
</dataflow>
<dataflow id="196" from="StgValue_149" to="y_1" fromId="149" toId="33">
</dataflow>
<dataflow id="197" from="exitcond" to="StgValue_34" fromId="32" toId="34">
</dataflow>
<dataflow id="198" from="y" to="tmp_cast" fromId="31" toId="35">
</dataflow>
<dataflow id="199" from="tmp_cast" to="tmp_6" fromId="35" toId="36">
</dataflow>
<dataflow id="200" from="tmp_s" to="tmp_6" fromId="26" toId="36">
</dataflow>
<dataflow id="201" from="tmp_6" to="tmp_21_cast" fromId="36" toId="37">
</dataflow>
<dataflow id="202" from="in_channels_ch3" to="in_channels_ch3_addr" fromId="130" toId="38">
</dataflow>
<dataflow id="204" from="StgValue_203" to="in_channels_ch3_addr" fromId="203" toId="38">
</dataflow>
<dataflow id="205" from="tmp_21_cast" to="in_channels_ch3_addr" fromId="37" toId="38">
</dataflow>
<dataflow id="206" from="in_channels_ch3_addr" to="V" fromId="38" toId="39">
</dataflow>
<dataflow id="208" from="_ssdm_op_SpecRegionEnd" to="empty_16" fromId="207" toId="40">
</dataflow>
<dataflow id="209" from="p_str3" to="empty_16" fromId="154" toId="40">
</dataflow>
<dataflow id="210" from="tmp_1" to="empty_16" fromId="20" toId="40">
</dataflow>
<dataflow id="211" from="in_channels_ch1" to="in_channels_ch1_addr" fromId="128" toId="42">
</dataflow>
<dataflow id="212" from="StgValue_203" to="in_channels_ch1_addr" fromId="203" toId="42">
</dataflow>
<dataflow id="213" from="tmp_21_cast" to="in_channels_ch1_addr" fromId="37" toId="42">
</dataflow>
<dataflow id="214" from="in_channels_ch2" to="in_channels_ch2_addr" fromId="129" toId="43">
</dataflow>
<dataflow id="215" from="StgValue_203" to="in_channels_ch2_addr" fromId="203" toId="43">
</dataflow>
<dataflow id="216" from="tmp_21_cast" to="in_channels_ch2_addr" fromId="37" toId="43">
</dataflow>
<dataflow id="217" from="in_channels_ch1_addr" to="Y" fromId="42" toId="44">
</dataflow>
<dataflow id="218" from="in_channels_ch2_addr" to="U" fromId="43" toId="45">
</dataflow>
<dataflow id="219" from="in_channels_ch3_addr" to="V" fromId="38" toId="46">
</dataflow>
<dataflow id="220" from="in_channels_ch1_addr" to="Y" fromId="42" toId="47">
</dataflow>
<dataflow id="221" from="in_channels_ch2_addr" to="U" fromId="43" toId="48">
</dataflow>
<dataflow id="222" from="in_channels_ch3_addr" to="V" fromId="38" toId="49">
</dataflow>
<dataflow id="223" from="in_channels_ch1_addr" to="Y" fromId="42" toId="50">
</dataflow>
<dataflow id="224" from="in_channels_ch2_addr" to="U" fromId="43" toId="51">
</dataflow>
<dataflow id="225" from="in_channels_ch3_addr" to="V" fromId="38" toId="52">
</dataflow>
<dataflow id="226" from="V" to="E" fromId="52" toId="53">
</dataflow>
<dataflow id="228" from="StgValue_227" to="E" fromId="227" toId="53">
</dataflow>
<dataflow id="229" from="in_channels_ch1_addr" to="Y" fromId="42" toId="54">
</dataflow>
<dataflow id="230" from="in_channels_ch2_addr" to="U" fromId="43" toId="55">
</dataflow>
<dataflow id="231" from="U" to="D" fromId="55" toId="56">
</dataflow>
<dataflow id="232" from="StgValue_227" to="D" fromId="227" toId="56">
</dataflow>
<dataflow id="233" from="E" to="tmp_8_cast5" fromId="53" toId="57">
</dataflow>
<dataflow id="235" from="StgValue_234" to="tmp_13" fromId="234" toId="58">
</dataflow>
<dataflow id="236" from="tmp_8_cast5" to="tmp_13" fromId="57" toId="58">
</dataflow>
<dataflow id="237" from="Y" to="tmp_3_cast" fromId="54" toId="59">
</dataflow>
<dataflow id="239" from="StgValue_238" to="C" fromId="238" toId="60">
</dataflow>
<dataflow id="240" from="tmp_3_cast" to="C" fromId="59" toId="60">
</dataflow>
<dataflow id="241" from="C" to="tmp_6_cast" fromId="60" toId="61">
</dataflow>
<dataflow id="243" from="StgValue_242" to="tmp_7" fromId="242" toId="62">
</dataflow>
<dataflow id="244" from="tmp_6_cast" to="tmp_7" fromId="61" toId="62">
</dataflow>
<dataflow id="246" from="StgValue_245" to="tmp_3" fromId="245" toId="63">
</dataflow>
<dataflow id="247" from="tmp_7" to="tmp_3" fromId="62" toId="63">
</dataflow>
<dataflow id="248" from="D" to="tmp_16_cast4_cast" fromId="56" toId="64">
</dataflow>
<dataflow id="250" from="StgValue_249" to="tmp_12" fromId="249" toId="65">
</dataflow>
<dataflow id="251" from="tmp_16_cast4_cast" to="tmp_12" fromId="64" toId="65">
</dataflow>
<dataflow id="252" from="tmp_12" to="tmp_12_cast" fromId="65" toId="66">
</dataflow>
<dataflow id="253" from="tmp_12_cast" to="tmp1" fromId="66" toId="67">
</dataflow>
<dataflow id="254" from="tmp_13" to="tmp1" fromId="58" toId="67">
</dataflow>
<dataflow id="256" from="_ssdm_op_BitConcatenate.i10.i8.i2" to="p_shl1" fromId="255" toId="68">
</dataflow>
<dataflow id="257" from="D" to="p_shl1" fromId="56" toId="68">
</dataflow>
<dataflow id="259" from="StgValue_258" to="p_shl1" fromId="258" toId="68">
</dataflow>
<dataflow id="260" from="p_shl1" to="p_shl1_cast" fromId="68" toId="69">
</dataflow>
<dataflow id="261" from="p_shl1_cast" to="tmp2" fromId="69" toId="70">
</dataflow>
<dataflow id="262" from="tmp_3" to="tmp2" fromId="63" toId="70">
</dataflow>
<dataflow id="263" from="E" to="tmp_8_cast" fromId="53" toId="71">
</dataflow>
<dataflow id="265" from="StgValue_264" to="tmp_9" fromId="264" toId="72">
</dataflow>
<dataflow id="266" from="tmp_8_cast" to="tmp_9" fromId="71" toId="72">
</dataflow>
<dataflow id="267" from="tmp_3" to="tmp_4" fromId="63" toId="73">
</dataflow>
<dataflow id="268" from="tmp_9" to="tmp_4" fromId="72" toId="73">
</dataflow>
<dataflow id="270" from="_ssdm_op_PartSelect.i2.i18.i32.i32" to="tmp_8" fromId="269" toId="74">
</dataflow>
<dataflow id="271" from="tmp_4" to="tmp_8" fromId="73" toId="74">
</dataflow>
<dataflow id="273" from="StgValue_272" to="tmp_8" fromId="272" toId="74">
</dataflow>
<dataflow id="275" from="StgValue_274" to="tmp_8" fromId="274" toId="74">
</dataflow>
<dataflow id="276" from="tmp_8" to="icmp" fromId="74" toId="75">
</dataflow>
<dataflow id="278" from="StgValue_277" to="icmp" fromId="277" toId="75">
</dataflow>
<dataflow id="279" from="tmp1" to="tmp1_cast" fromId="67" toId="76">
</dataflow>
<dataflow id="280" from="tmp1_cast" to="tmp_14" fromId="76" toId="77">
</dataflow>
<dataflow id="281" from="tmp_3" to="tmp_14" fromId="63" toId="77">
</dataflow>
<dataflow id="282" from="_ssdm_op_PartSelect.i2.i18.i32.i32" to="tmp_15" fromId="269" toId="78">
</dataflow>
<dataflow id="283" from="tmp_14" to="tmp_15" fromId="77" toId="78">
</dataflow>
<dataflow id="284" from="StgValue_272" to="tmp_15" fromId="272" toId="78">
</dataflow>
<dataflow id="285" from="StgValue_274" to="tmp_15" fromId="274" toId="78">
</dataflow>
<dataflow id="286" from="tmp_15" to="icmp9" fromId="78" toId="79">
</dataflow>
<dataflow id="287" from="StgValue_277" to="icmp9" fromId="277" toId="79">
</dataflow>
<dataflow id="289" from="_ssdm_op_BitSelect.i1.i18.i32" to="tmp_16" fromId="288" toId="80">
</dataflow>
<dataflow id="290" from="tmp_14" to="tmp_16" fromId="77" toId="80">
</dataflow>
<dataflow id="291" from="StgValue_274" to="tmp_16" fromId="274" toId="80">
</dataflow>
<dataflow id="293" from="_ssdm_op_PartSelect.i8.i18.i32.i32" to="phitmp2" fromId="292" toId="81">
</dataflow>
<dataflow id="294" from="tmp_14" to="phitmp2" fromId="77" toId="81">
</dataflow>
<dataflow id="296" from="StgValue_295" to="phitmp2" fromId="295" toId="81">
</dataflow>
<dataflow id="298" from="StgValue_297" to="phitmp2" fromId="297" toId="81">
</dataflow>
<dataflow id="299" from="icmp9" to="p_phitmp2" fromId="79" toId="82">
</dataflow>
<dataflow id="301" from="StgValue_300" to="p_phitmp2" fromId="300" toId="82">
</dataflow>
<dataflow id="302" from="StgValue_179" to="p_phitmp2" fromId="179" toId="82">
</dataflow>
<dataflow id="303" from="icmp9" to="tmp_17" fromId="79" toId="83">
</dataflow>
<dataflow id="304" from="tmp_16" to="tmp_17" fromId="80" toId="83">
</dataflow>
<dataflow id="305" from="tmp_17" to="G" fromId="83" toId="84">
</dataflow>
<dataflow id="306" from="p_phitmp2" to="G" fromId="82" toId="84">
</dataflow>
<dataflow id="307" from="phitmp2" to="G" fromId="81" toId="84">
</dataflow>
<dataflow id="309" from="_ssdm_op_BitConcatenate.i17.i8.i9" to="p_shl" fromId="308" toId="85">
</dataflow>
<dataflow id="310" from="D" to="p_shl" fromId="56" toId="85">
</dataflow>
<dataflow id="312" from="StgValue_311" to="p_shl" fromId="311" toId="85">
</dataflow>
<dataflow id="313" from="p_shl" to="p_shl_cast" fromId="85" toId="86">
</dataflow>
<dataflow id="314" from="tmp2" to="tmp2_cast" fromId="70" toId="87">
</dataflow>
<dataflow id="315" from="tmp2_cast" to="tmp_18" fromId="87" toId="88">
</dataflow>
<dataflow id="316" from="p_shl_cast" to="tmp_18" fromId="86" toId="88">
</dataflow>
<dataflow id="318" from="_ssdm_op_PartSelect.i3.i19.i32.i32" to="tmp_19" fromId="317" toId="89">
</dataflow>
<dataflow id="319" from="tmp_18" to="tmp_19" fromId="88" toId="89">
</dataflow>
<dataflow id="320" from="StgValue_272" to="tmp_19" fromId="272" toId="89">
</dataflow>
<dataflow id="322" from="StgValue_321" to="tmp_19" fromId="321" toId="89">
</dataflow>
<dataflow id="323" from="tmp_19" to="icmp1" fromId="89" toId="90">
</dataflow>
<dataflow id="325" from="StgValue_324" to="icmp1" fromId="324" toId="90">
</dataflow>
<dataflow id="327" from="_ssdm_op_BitSelect.i1.i19.i32" to="tmp_20" fromId="326" toId="91">
</dataflow>
<dataflow id="328" from="tmp_18" to="tmp_20" fromId="88" toId="91">
</dataflow>
<dataflow id="329" from="StgValue_321" to="tmp_20" fromId="321" toId="91">
</dataflow>
<dataflow id="331" from="_ssdm_op_PartSelect.i8.i19.i32.i32" to="phitmp3" fromId="330" toId="92">
</dataflow>
<dataflow id="332" from="tmp_18" to="phitmp3" fromId="88" toId="92">
</dataflow>
<dataflow id="333" from="StgValue_295" to="phitmp3" fromId="295" toId="92">
</dataflow>
<dataflow id="334" from="StgValue_297" to="phitmp3" fromId="297" toId="92">
</dataflow>
<dataflow id="335" from="icmp1" to="p_phitmp3" fromId="90" toId="93">
</dataflow>
<dataflow id="336" from="StgValue_300" to="p_phitmp3" fromId="300" toId="93">
</dataflow>
<dataflow id="337" from="StgValue_179" to="p_phitmp3" fromId="179" toId="93">
</dataflow>
<dataflow id="338" from="icmp1" to="tmp_21" fromId="90" toId="94">
</dataflow>
<dataflow id="339" from="tmp_20" to="tmp_21" fromId="91" toId="94">
</dataflow>
<dataflow id="340" from="tmp_21" to="B" fromId="94" toId="95">
</dataflow>
<dataflow id="341" from="p_phitmp3" to="B" fromId="93" toId="95">
</dataflow>
<dataflow id="342" from="phitmp3" to="B" fromId="92" toId="95">
</dataflow>
<dataflow id="343" from="out_channels_ch1" to="out_channels_ch1_add" fromId="133" toId="96">
</dataflow>
<dataflow id="344" from="StgValue_203" to="out_channels_ch1_add" fromId="203" toId="96">
</dataflow>
<dataflow id="345" from="tmp_21_cast" to="out_channels_ch1_add" fromId="37" toId="96">
</dataflow>
<dataflow id="346" from="out_channels_ch2" to="out_channels_ch2_add" fromId="134" toId="97">
</dataflow>
<dataflow id="347" from="StgValue_203" to="out_channels_ch2_add" fromId="203" toId="97">
</dataflow>
<dataflow id="348" from="tmp_21_cast" to="out_channels_ch2_add" fromId="37" toId="97">
</dataflow>
<dataflow id="349" from="out_channels_ch3" to="out_channels_ch3_add" fromId="135" toId="98">
</dataflow>
<dataflow id="350" from="StgValue_203" to="out_channels_ch3_add" fromId="203" toId="98">
</dataflow>
<dataflow id="351" from="tmp_21_cast" to="out_channels_ch3_add" fromId="37" toId="98">
</dataflow>
<dataflow id="352" from="_ssdm_op_BitSelect.i1.i18.i32" to="tmp_10" fromId="288" toId="99">
</dataflow>
<dataflow id="353" from="tmp_4" to="tmp_10" fromId="73" toId="99">
</dataflow>
<dataflow id="354" from="StgValue_274" to="tmp_10" fromId="274" toId="99">
</dataflow>
<dataflow id="355" from="_ssdm_op_PartSelect.i8.i18.i32.i32" to="phitmp" fromId="292" toId="100">
</dataflow>
<dataflow id="356" from="tmp_4" to="phitmp" fromId="73" toId="100">
</dataflow>
<dataflow id="357" from="StgValue_295" to="phitmp" fromId="295" toId="100">
</dataflow>
<dataflow id="358" from="StgValue_297" to="phitmp" fromId="297" toId="100">
</dataflow>
<dataflow id="359" from="icmp" to="p_phitmp" fromId="75" toId="101">
</dataflow>
<dataflow id="360" from="StgValue_300" to="p_phitmp" fromId="300" toId="101">
</dataflow>
<dataflow id="361" from="StgValue_179" to="p_phitmp" fromId="179" toId="101">
</dataflow>
<dataflow id="362" from="icmp" to="tmp_11" fromId="75" toId="102">
</dataflow>
<dataflow id="363" from="tmp_10" to="tmp_11" fromId="99" toId="102">
</dataflow>
<dataflow id="364" from="tmp_11" to="R" fromId="102" toId="103">
</dataflow>
<dataflow id="365" from="p_phitmp" to="R" fromId="101" toId="103">
</dataflow>
<dataflow id="366" from="phitmp" to="R" fromId="100" toId="103">
</dataflow>
<dataflow id="367" from="R" to="StgValue_104" fromId="103" toId="104">
</dataflow>
<dataflow id="368" from="out_channels_ch1_add" to="StgValue_104" fromId="96" toId="104">
</dataflow>
<dataflow id="369" from="G" to="StgValue_105" fromId="84" toId="105">
</dataflow>
<dataflow id="370" from="out_channels_ch2_add" to="StgValue_105" fromId="97" toId="105">
</dataflow>
<dataflow id="371" from="B" to="StgValue_106" fromId="95" toId="106">
</dataflow>
<dataflow id="372" from="out_channels_ch3_add" to="StgValue_106" fromId="98" toId="106">
</dataflow>
<dataflow id="373" from="_ssdm_op_SpecLoopName" to="StgValue_107" fromId="152" toId="107">
</dataflow>
<dataflow id="375" from="p_str4" to="StgValue_107" fromId="374" toId="107">
</dataflow>
<dataflow id="376" from="_ssdm_op_SpecRegionBegin" to="tmp_2" fromId="156" toId="108">
</dataflow>
<dataflow id="377" from="p_str4" to="tmp_2" fromId="374" toId="108">
</dataflow>
<dataflow id="378" from="_ssdm_op_SpecLoopTripCount" to="StgValue_109" fromId="159" toId="109">
</dataflow>
<dataflow id="379" from="StgValue_161" to="StgValue_109" fromId="161" toId="109">
</dataflow>
<dataflow id="381" from="StgValue_380" to="StgValue_109" fromId="380" toId="109">
</dataflow>
<dataflow id="383" from="StgValue_382" to="StgValue_109" fromId="382" toId="109">
</dataflow>
<dataflow id="384" from="p_str1" to="StgValue_109" fromId="167" toId="109">
</dataflow>
<dataflow id="385" from="R" to="StgValue_110" fromId="103" toId="110">
</dataflow>
<dataflow id="386" from="out_channels_ch1_add" to="StgValue_110" fromId="96" toId="110">
</dataflow>
<dataflow id="387" from="G" to="StgValue_111" fromId="84" toId="111">
</dataflow>
<dataflow id="388" from="out_channels_ch2_add" to="StgValue_111" fromId="97" toId="111">
</dataflow>
<dataflow id="389" from="B" to="StgValue_112" fromId="95" toId="112">
</dataflow>
<dataflow id="390" from="out_channels_ch3_add" to="StgValue_112" fromId="98" toId="112">
</dataflow>
<dataflow id="391" from="_ssdm_op_SpecRegionEnd" to="empty" fromId="207" toId="113">
</dataflow>
<dataflow id="392" from="p_str4" to="empty" fromId="374" toId="113">
</dataflow>
<dataflow id="393" from="tmp_2" to="empty" fromId="108" toId="113">
</dataflow>
<dataflow id="394" from="exitcond1" to="StgValue_2" fromId="16" toId="2">
</dataflow>
<dataflow id="395" from="exitcond" to="StgValue_3" fromId="32" toId="3">
</dataflow>
</dataflows>


</stg>
