<profile>

<section name = "Vivado HLS Report for 'yuv2rgb'" level="0">
<item name = "Date">Wed Apr 19 15:40:42 2023
</item>
<item name = "Version">2017.2 (Build 1909853 on Thu Jun 15 18:55:24 MDT 2017)</item>
<item name = "Project">yuv_filter.prj</item>
<item name = "Solution">solution1</item>
<item name = "Product family">zynq</item>
<item name = "Target device">xc7z010clg400-1</item>
</section>

<section name = "Performance Estimates" level="0">
<item name = "Timing (ns)">
<section name = "" level="1">
<item name = "Summary"><table name="" hasTotal="0">
<keys size="4">Clock, Target, Estimated, Uncertainty</keys>
<column name="ap_clk">8.00, 8.85, 1.00</column>
</table>
</item>
</section>
</item>
<item name = "Latency (clock cycles)">
<section name = "" level="1">
<item name = "Summary"><table name="" hasTotal="0">
<keys size="6">, min, max, min, max, Type</keys>
<column name="">360401, 22122241, 360401, 22122241, none</column>
</table>
</item>
<item name = "Detail">
<section name = "" level="1">
<item name = "Instance"><table name="" hasTotal="0">
<keys size="7">Instance, Module, min, max, min, max, Type</keys>
</table>
</item>
<item name = "Loop"><table name="" hasTotal="0">
<keys size="8">Loop Name, min, max, Latency, achieved, target, Count, Pipelined</keys>
<column name="- YUV2RGB_LOOP_X">360400, 22122240, 1802 ~ 11522, -, -, 200 ~ 1920, no</column>
<column name=" + YUV2RGB_LOOP_Y">1800, 11520, 9, -, -, 200 ~ 1280, no</column>
</table>
</item>
</section>
</item>
</section>
</item>
</section>

<section name = "Utilization Estimates" level="0">
<item name = "Summary"><table name="" hasTotal="1">
<keys size="5">Name, BRAM_18K, DSP48E, FF, LUT</keys>
<column name="DSP">-, 3, -, -</column>
<column name="Expression">-, 0, 434, 330</column>
<column name="FIFO">-, -, -, -</column>
<column name="Instance">-, -, -, -</column>
<column name="Memory">-, -, -, -</column>
<column name="Multiplexer">-, -, -, 83</column>
<column name="Register">-, -, 242, -</column>
<specialColumn name="Available">120, 80, 35200, 17600</specialColumn>
<specialColumn name="Utilization (%)">0, 3, 1, 2</specialColumn>
</table>
</item>
<item name = "Detail">
<section name = "" level="1">
<item name = "Instance"><table name="" hasTotal="1">
<keys size="6">Instance, Module, BRAM_18K, DSP48E, FF, LUT</keys>
</table>
</item>
<item name = "DSP48"><table name="" hasTotal="0">
<keys size="3">Instance, Module, Expression</keys>
<column name="yuv_filter_ama_adeOg_U11">yuv_filter_ama_adeOg, i0 + i1 * (i2 + i3)</column>
<column name="yuv_filter_mac_mufYi_U12">yuv_filter_mac_mufYi, i0 * i1 + i2</column>
<column name="yuv_filter_mac_mug8j_U13">yuv_filter_mac_mug8j, i0 + i1 * i2</column>
</table>
</item>
<item name = "Memory"><table name="" hasTotal="1">
<keys size="9">Memory, Module, BRAM_18K, FF, LUT, Words, Bits, Banks, W*Bits*Banks</keys>
</table>
</item>
<item name = "FIFO"><table name="" hasTotal="1">
<keys size="7">Name, BRAM_18K, FF, LUT, Depth, Bits, Size:D*B</keys>
</table>
</item>
<item name = "Expression"><table name="" hasTotal="1">
<keys size="7">Variable Name, Operation, DSP48E, FF, LUT, Bitwidth P0, Bitwidth P1</keys>
<column name="tmp_13_fu_305_p2">*, 0, 0, 89, 9, 8</column>
<column name="tmp2_fu_328_p2">+, 0, 59, 23, 18, 18</column>
<column name="tmp_14_fu_354_p2">+, 0, 59, 23, 18, 18</column>
<column name="tmp_18_fu_429_p2">+, 0, 62, 24, 19, 19</column>
<column name="tmp_6_fu_280_p2">+, 0, 74, 28, 23, 23</column>
<column name="tmp_s_fu_249_p2">+, 0, 74, 28, 23, 23</column>
<column name="x_1_fu_219_p2">+, 0, 53, 21, 16, 1</column>
<column name="y_1_fu_270_p2">+, 0, 53, 21, 16, 1</column>
<column name="exitcond1_fu_214_p2">icmp, 0, 0, 8, 16, 16</column>
<column name="exitcond_fu_265_p2">icmp, 0, 0, 8, 16, 16</column>
<column name="icmp1_fu_445_p2">icmp, 0, 0, 1, 3, 1</column>
<column name="icmp9_fu_369_p2">icmp, 0, 0, 1, 2, 1</column>
<column name="icmp_fu_345_p2">icmp, 0, 0, 1, 2, 1</column>
<column name="tmp_11_fu_514_p2">or, 0, 0, 2, 1, 1</column>
<column name="tmp_17_fu_401_p2">or, 0, 0, 2, 1, 1</column>
<column name="tmp_21_fu_477_p2">or, 0, 0, 2, 1, 1</column>
<column name="B_fu_483_p3">select, 0, 0, 8, 1, 8</column>
<column name="G_fu_407_p3">select, 0, 0, 8, 1, 8</column>
<column name="out_channels_ch1_d0">select, 0, 0, 8, 1, 8</column>
<column name="p_phitmp2_fu_393_p3">select, 0, 0, 2, 1, 2</column>
<column name="p_phitmp3_fu_469_p3">select, 0, 0, 2, 1, 2</column>
<column name="p_phitmp_fu_507_p3">select, 0, 0, 2, 1, 2</column>
<column name="D_fu_296_p2">xor, 0, 0, 9, 8, 9</column>
<column name="E_fu_290_p2">xor, 0, 0, 9, 8, 9</column>
</table>
</item>
<item name = "Multiplexer"><table name="" hasTotal="1">
<keys size="5">Name, LUT, Input Size, Bits, Total Bits</keys>
<column name="ap_NS_fsm">65, 12, 1, 12</column>
<column name="x_reg_192">9, 2, 16, 32</column>
<column name="y_reg_203">9, 2, 16, 32</column>
</table>
</item>
<item name = "Register"><table name="" hasTotal="1">
<keys size="5">Name, FF, LUT, Bits, Const Bits</keys>
<column name="B_reg_667">8, 0, 8, 0</column>
<column name="D_reg_622">8, 0, 8, 0</column>
<column name="E_reg_611">8, 0, 8, 0</column>
<column name="G_reg_662">8, 0, 8, 0</column>
<column name="Y_reg_617">8, 0, 8, 0</column>
<column name="ap_CS_fsm">11, 0, 11, 0</column>
<column name="icmp_reg_656">1, 0, 1, 0</column>
<column name="tmp1_reg_640">17, 0, 17, 0</column>
<column name="tmp2_reg_645">18, 0, 18, 0</column>
<column name="tmp_13_reg_629">17, 0, 17, 0</column>
<column name="tmp_21_cast_reg_587">23, 0, 32, 9</column>
<column name="tmp_3_reg_634">18, 0, 18, 0</column>
<column name="tmp_4_reg_650">18, 0, 18, 0</column>
<column name="tmp_s_reg_574">15, 0, 23, 8</column>
<column name="x_1_reg_569">16, 0, 16, 0</column>
<column name="x_reg_192">16, 0, 16, 0</column>
<column name="y_1_reg_582">16, 0, 16, 0</column>
<column name="y_reg_203">16, 0, 16, 0</column>
</table>
</item>
</section>
</item>
</section>

<section name = "Interface" level="0">
<item name = "Summary"><table name="" hasTotal="0">
<keys size="6">RTL Ports, Dir, Bits, Protocol, Source Object, C Type</keys>
<column name="ap_clk">in, 1, ap_ctrl_hs, yuv2rgb, return value</column>
<column name="ap_rst">in, 1, ap_ctrl_hs, yuv2rgb, return value</column>
<column name="ap_start">in, 1, ap_ctrl_hs, yuv2rgb, return value</column>
<column name="ap_done">out, 1, ap_ctrl_hs, yuv2rgb, return value</column>
<column name="ap_idle">out, 1, ap_ctrl_hs, yuv2rgb, return value</column>
<column name="ap_ready">out, 1, ap_ctrl_hs, yuv2rgb, return value</column>
<column name="ap_return_0">out, 16, ap_ctrl_hs, yuv2rgb, return value</column>
<column name="ap_return_1">out, 16, ap_ctrl_hs, yuv2rgb, return value</column>
<column name="in_channels_ch1_address0">out, 22, ap_memory, in_channels_ch1, array</column>
<column name="in_channels_ch1_ce0">out, 1, ap_memory, in_channels_ch1, array</column>
<column name="in_channels_ch1_q0">in, 8, ap_memory, in_channels_ch1, array</column>
<column name="in_channels_ch2_address0">out, 22, ap_memory, in_channels_ch2, array</column>
<column name="in_channels_ch2_ce0">out, 1, ap_memory, in_channels_ch2, array</column>
<column name="in_channels_ch2_q0">in, 8, ap_memory, in_channels_ch2, array</column>
<column name="in_channels_ch3_address0">out, 22, ap_memory, in_channels_ch3, array</column>
<column name="in_channels_ch3_ce0">out, 1, ap_memory, in_channels_ch3, array</column>
<column name="in_channels_ch3_q0">in, 8, ap_memory, in_channels_ch3, array</column>
<column name="in_width_read">in, 16, ap_none, in_width_read, scalar</column>
<column name="in_height_read">in, 16, ap_none, in_height_read, scalar</column>
<column name="out_channels_ch1_address0">out, 22, ap_memory, out_channels_ch1, array</column>
<column name="out_channels_ch1_ce0">out, 1, ap_memory, out_channels_ch1, array</column>
<column name="out_channels_ch1_we0">out, 1, ap_memory, out_channels_ch1, array</column>
<column name="out_channels_ch1_d0">out, 8, ap_memory, out_channels_ch1, array</column>
<column name="out_channels_ch2_address0">out, 22, ap_memory, out_channels_ch2, array</column>
<column name="out_channels_ch2_ce0">out, 1, ap_memory, out_channels_ch2, array</column>
<column name="out_channels_ch2_we0">out, 1, ap_memory, out_channels_ch2, array</column>
<column name="out_channels_ch2_d0">out, 8, ap_memory, out_channels_ch2, array</column>
<column name="out_channels_ch3_address0">out, 22, ap_memory, out_channels_ch3, array</column>
<column name="out_channels_ch3_ce0">out, 1, ap_memory, out_channels_ch3, array</column>
<column name="out_channels_ch3_we0">out, 1, ap_memory, out_channels_ch3, array</column>
<column name="out_channels_ch3_d0">out, 8, ap_memory, out_channels_ch3, array</column>
</table>
</item>
</section>
</profile>
