<profile>

<section name = "Vivado HLS Report for 'yuv_filter'" level="0">
<item name = "Date">Wed Apr 19 16:11:02 2023
</item>
<item name = "Version">2017.2 (Build 1909853 on Thu Jun 15 18:55:24 MDT 2017)</item>
<item name = "Project">yuv_filter.prj</item>
<item name = "Solution">solution3</item>
<item name = "Product family">zynq</item>
<item name = "Target device">xc7z010clg400-1</item>
</section>

<section name = "Performance Estimates" level="0">
<item name = "Timing (ns)">
<section name = "" level="1">
<item name = "Target clock period (ns)">8.00</item>
<item name = "Clock uncertainty (ns)">1.00</item>
<item name = "Estimated clock period (ns)">8.45</item>
</section>
</item>
<item name = "Latency (clock cycles)">
<section name = "" level="1">
<item name = "Summary"><table name="" hasTotal="0">
<keys size="6">, min, max, min, max, Type</keys>
<column name="">40018, 2457618, 40010, 2457610, dataflow</column>
</table>
</item>
<item name = "Detail">
<section name = "" level="1">
<item name = "Instance"><table name="" hasTotal="0">
<keys size="7">Instance, Module, min, max, min, max, Type</keys>
<column name="yuv2rgb_U0">yuv2rgb, 40008, 2457608, 40008, 2457608, none</column>
<column name="rgb2yuv11_U0">rgb2yuv11, 40009, 2457609, 40009, 2457609, none</column>
<column name="yuv_scale_U0">yuv_scale, 40005, 2457605, 40005, 2457605, none</column>
</table>
</item>
<item name = "Loop"><table name="" hasTotal="0">
<keys size="8">Loop Name, min, max, Latency, achieved, target, Count, Pipelined</keys>
</table>
</item>
</section>
</item>
</section>
</item>
</section>

<section name = "Utilization Estimates" level="0">
<item name = "Summary"><table name="" hasTotal="1">
<keys size="5">Name, BRAM_18K, DSP48E, FF, LUT</keys>
<column name="DSP">-, -, -, -</column>
<column name="Expression">-, -, 0, 6</column>
<column name="FIFO">0, -, 0, 13</column>
<column name="Instance">-, 11, 2217, 1759</column>
<column name="Memory">-, -, -, -</column>
<column name="Multiplexer">-, -, -, -</column>
<column name="Register">-, -, -, -</column>
<specialColumn name="Available">120, 80, 35200, 17600</specialColumn>
<specialColumn name="Utilization (%)">0, 13, 6, 10</specialColumn>
</table>
</item>
<item name = "Detail">
<section name = "" level="1">
<item name = "Instance"><table name="" hasTotal="1">
<keys size="6">Instance, Module, BRAM_18K, DSP48E, FF, LUT</keys>
<column name="rgb2yuv11_U0">rgb2yuv11, 0, 6, 842, 615</column>
<column name="yuv2rgb_U0">yuv2rgb, 0, 4, 1005, 670</column>
<column name="yuv_scale_U0">yuv_scale, 0, 1, 370, 474</column>
</table>
</item>
<item name = "DSP48"><table name="" hasTotal="0">
<keys size="3">Instance, Module, Expression</keys>
</table>
</item>
<item name = "Memory"><table name="" hasTotal="1">
<keys size="9">Memory, Module, BRAM_18K, FF, LUT, Words, Bits, Banks, W*Bits*Banks</keys>
</table>
</item>
<item name = "FIFO"><table name="" hasTotal="1">
<keys size="7">Name, BRAM_18K, FF, LUT, Depth, Bits, Size:D*B</keys>
<column name="U_scale_channel_U">0, 0, 1, 2, 8, 16</column>
<column name="V_scale_channel_U">0, 0, 1, 2, 8, 16</column>
<column name="Y_scale_channel_U">0, 0, 1, 2, 8, 16</column>
<column name="p_scale_channels_ch1_U">0, 0, 1, 2, 8, 16</column>
<column name="p_scale_channels_ch2_U">0, 0, 1, 2, 8, 16</column>
<column name="p_scale_channels_ch3_U">0, 0, 1, 2, 8, 16</column>
<column name="p_scale_height_U">0, 0, 1, 2, 16, 32</column>
<column name="p_scale_width_U">0, 0, 1, 2, 16, 32</column>
<column name="p_yuv_channels_ch1_U">0, 0, 1, 2, 8, 16</column>
<column name="p_yuv_channels_ch2_U">0, 0, 1, 2, 8, 16</column>
<column name="p_yuv_channels_ch3_U">0, 0, 1, 2, 8, 16</column>
<column name="p_yuv_height_U">0, 0, 1, 2, 16, 32</column>
<column name="p_yuv_width_U">0, 0, 1, 2, 16, 32</column>
</table>
</item>
<item name = "Expression"><table name="" hasTotal="1">
<keys size="7">Variable Name, Operation, DSP48E, FF, LUT, Bitwidth P0, Bitwidth P1</keys>
<column name="ap_idle">and, 0, 0, 2, 1, 1</column>
<column name="rgb2yuv11_U0_start_full_n">or, 0, 0, 2, 1, 1</column>
<column name="yuv_scale_U0_start_full_n">or, 0, 0, 2, 1, 1</column>
</table>
</item>
<item name = "Multiplexer"><table name="" hasTotal="1">
<keys size="5">Name, LUT, Input Size, Bits, Total Bits</keys>
</table>
</item>
<item name = "Register"><table name="" hasTotal="1">
<keys size="5">Name, FF, LUT, Bits, Const Bits</keys>
</table>
</item>
</section>
</item>
</section>

<section name = "Interface" level="0">
<item name = "Summary"><table name="" hasTotal="0">
<keys size="6">RTL Ports, Dir, Bits, Protocol, Source Object, C Type</keys>
<column name="in_channels_ch1_address0">out, 22, ap_memory, in_channels_ch1, array</column>
<column name="in_channels_ch1_ce0">out, 1, ap_memory, in_channels_ch1, array</column>
<column name="in_channels_ch1_d0">out, 8, ap_memory, in_channels_ch1, array</column>
<column name="in_channels_ch1_q0">in, 8, ap_memory, in_channels_ch1, array</column>
<column name="in_channels_ch1_we0">out, 1, ap_memory, in_channels_ch1, array</column>
<column name="in_channels_ch1_address1">out, 22, ap_memory, in_channels_ch1, array</column>
<column name="in_channels_ch1_ce1">out, 1, ap_memory, in_channels_ch1, array</column>
<column name="in_channels_ch1_d1">out, 8, ap_memory, in_channels_ch1, array</column>
<column name="in_channels_ch1_q1">in, 8, ap_memory, in_channels_ch1, array</column>
<column name="in_channels_ch1_we1">out, 1, ap_memory, in_channels_ch1, array</column>
<column name="in_channels_ch2_address0">out, 22, ap_memory, in_channels_ch2, array</column>
<column name="in_channels_ch2_ce0">out, 1, ap_memory, in_channels_ch2, array</column>
<column name="in_channels_ch2_d0">out, 8, ap_memory, in_channels_ch2, array</column>
<column name="in_channels_ch2_q0">in, 8, ap_memory, in_channels_ch2, array</column>
<column name="in_channels_ch2_we0">out, 1, ap_memory, in_channels_ch2, array</column>
<column name="in_channels_ch2_address1">out, 22, ap_memory, in_channels_ch2, array</column>
<column name="in_channels_ch2_ce1">out, 1, ap_memory, in_channels_ch2, array</column>
<column name="in_channels_ch2_d1">out, 8, ap_memory, in_channels_ch2, array</column>
<column name="in_channels_ch2_q1">in, 8, ap_memory, in_channels_ch2, array</column>
<column name="in_channels_ch2_we1">out, 1, ap_memory, in_channels_ch2, array</column>
<column name="in_channels_ch3_address0">out, 22, ap_memory, in_channels_ch3, array</column>
<column name="in_channels_ch3_ce0">out, 1, ap_memory, in_channels_ch3, array</column>
<column name="in_channels_ch3_d0">out, 8, ap_memory, in_channels_ch3, array</column>
<column name="in_channels_ch3_q0">in, 8, ap_memory, in_channels_ch3, array</column>
<column name="in_channels_ch3_we0">out, 1, ap_memory, in_channels_ch3, array</column>
<column name="in_channels_ch3_address1">out, 22, ap_memory, in_channels_ch3, array</column>
<column name="in_channels_ch3_ce1">out, 1, ap_memory, in_channels_ch3, array</column>
<column name="in_channels_ch3_d1">out, 8, ap_memory, in_channels_ch3, array</column>
<column name="in_channels_ch3_q1">in, 8, ap_memory, in_channels_ch3, array</column>
<column name="in_channels_ch3_we1">out, 1, ap_memory, in_channels_ch3, array</column>
<column name="in_width">in, 16, ap_none, in_width, pointer</column>
<column name="in_height">in, 16, ap_none, in_height, pointer</column>
<column name="out_channels_ch1_address0">out, 22, ap_memory, out_channels_ch1, array</column>
<column name="out_channels_ch1_ce0">out, 1, ap_memory, out_channels_ch1, array</column>
<column name="out_channels_ch1_d0">out, 8, ap_memory, out_channels_ch1, array</column>
<column name="out_channels_ch1_q0">in, 8, ap_memory, out_channels_ch1, array</column>
<column name="out_channels_ch1_we0">out, 1, ap_memory, out_channels_ch1, array</column>
<column name="out_channels_ch1_address1">out, 22, ap_memory, out_channels_ch1, array</column>
<column name="out_channels_ch1_ce1">out, 1, ap_memory, out_channels_ch1, array</column>
<column name="out_channels_ch1_d1">out, 8, ap_memory, out_channels_ch1, array</column>
<column name="out_channels_ch1_q1">in, 8, ap_memory, out_channels_ch1, array</column>
<column name="out_channels_ch1_we1">out, 1, ap_memory, out_channels_ch1, array</column>
<column name="out_channels_ch2_address0">out, 22, ap_memory, out_channels_ch2, array</column>
<column name="out_channels_ch2_ce0">out, 1, ap_memory, out_channels_ch2, array</column>
<column name="out_channels_ch2_d0">out, 8, ap_memory, out_channels_ch2, array</column>
<column name="out_channels_ch2_q0">in, 8, ap_memory, out_channels_ch2, array</column>
<column name="out_channels_ch2_we0">out, 1, ap_memory, out_channels_ch2, array</column>
<column name="out_channels_ch2_address1">out, 22, ap_memory, out_channels_ch2, array</column>
<column name="out_channels_ch2_ce1">out, 1, ap_memory, out_channels_ch2, array</column>
<column name="out_channels_ch2_d1">out, 8, ap_memory, out_channels_ch2, array</column>
<column name="out_channels_ch2_q1">in, 8, ap_memory, out_channels_ch2, array</column>
<column name="out_channels_ch2_we1">out, 1, ap_memory, out_channels_ch2, array</column>
<column name="out_channels_ch3_address0">out, 22, ap_memory, out_channels_ch3, array</column>
<column name="out_channels_ch3_ce0">out, 1, ap_memory, out_channels_ch3, array</column>
<column name="out_channels_ch3_d0">out, 8, ap_memory, out_channels_ch3, array</column>
<column name="out_channels_ch3_q0">in, 8, ap_memory, out_channels_ch3, array</column>
<column name="out_channels_ch3_we0">out, 1, ap_memory, out_channels_ch3, array</column>
<column name="out_channels_ch3_address1">out, 22, ap_memory, out_channels_ch3, array</column>
<column name="out_channels_ch3_ce1">out, 1, ap_memory, out_channels_ch3, array</column>
<column name="out_channels_ch3_d1">out, 8, ap_memory, out_channels_ch3, array</column>
<column name="out_channels_ch3_q1">in, 8, ap_memory, out_channels_ch3, array</column>
<column name="out_channels_ch3_we1">out, 1, ap_memory, out_channels_ch3, array</column>
<column name="out_width">out, 16, ap_vld, out_width, pointer</column>
<column name="out_width_ap_vld">out, 1, ap_vld, out_width, pointer</column>
<column name="out_height">out, 16, ap_vld, out_height, pointer</column>
<column name="out_height_ap_vld">out, 1, ap_vld, out_height, pointer</column>
<column name="Y_scale">in, 8, ap_none, Y_scale, scalar</column>
<column name="U_scale">in, 8, ap_none, U_scale, scalar</column>
<column name="V_scale">in, 8, ap_none, V_scale, scalar</column>
<column name="ap_clk">in, 1, ap_ctrl_hs, yuv_filter, return value</column>
<column name="ap_rst">in, 1, ap_ctrl_hs, yuv_filter, return value</column>
<column name="ap_done">out, 1, ap_ctrl_hs, yuv_filter, return value</column>
<column name="ap_start">in, 1, ap_ctrl_hs, yuv_filter, return value</column>
<column name="ap_ready">out, 1, ap_ctrl_hs, yuv_filter, return value</column>
<column name="ap_idle">out, 1, ap_ctrl_hs, yuv_filter, return value</column>
</table>
</item>
</section>

<section name = "Critical Path" level="0">
<item name = "Max Delay">6.38</item>
<item name = "Critical Path Table"><table name="Critical Path Table" hasTotal="0">
<keys size="15">Name, Operator, Delay, Accumulated Delay, Store Source, Resource, Core, Interface, Type, Port, Array, Scope, Pointer, Callee, Phi Node</keys>
<column name="'V_scale'">read, 0.00, 0.00, -, -, -, wire, read, &apos;V_scale&apos;, -, -, -, -, -</column>
<column name="">call, 6.38, 6.38, -, -, -, -, -, -, -, -, -, rgb2yuv11, -</column>
</table>
</item>
</section>
</profile>
