<stg><name>yuv_scale</name>


<trans_list>

<trans id="62" from="1" to="2">
<condition id="12">
<or_exp><and_exp></and_exp></or_exp>
</condition>
</trans>

<trans id="63" from="2" to="3">
<condition id="14">
<or_exp><and_exp></and_exp></or_exp>
</condition>
</trans>

<trans id="73" from="3" to="7">
<condition id="22">
<or_exp><and_exp><literal name="exitcond_flatten" val="1"/>
</and_exp></or_exp>
</condition>
</trans>

<trans id="74" from="3" to="4">
<condition id="26">
<or_exp><and_exp><literal name="exitcond_flatten" val="0"/>
</and_exp></or_exp>
</condition>
</trans>

<trans id="70" from="4" to="5">
<condition id="23">
<or_exp><and_exp></and_exp></or_exp>
</condition>
</trans>

<trans id="71" from="5" to="6">
<condition id="24">
<or_exp><and_exp></and_exp></or_exp>
</condition>
</trans>

<trans id="72" from="6" to="3">
<condition id="25">
<or_exp><and_exp></and_exp></or_exp>
</condition>
</trans>
</trans_list>



<state_list>

<state id="1" st_id="1">

<operation id="8" st_id="1" stage="1" lat="1">
<core>FIFO_LUTRAM</core>
<MemPortIdVec></MemPortIdVec>
<condition id="9">
<or_exp><and_exp></and_exp></or_exp>
</condition>

<Node id="27" bw="8" op_0_bw="8" op_1_bw="8">
<![CDATA[
entry:13  %Y_scale_read = call i8 @_ssdm_op_Read.ap_fifo.i8P(i8* %Y_scale)

]]></Node>
<StgValue><ssdm name="Y_scale_read"/></StgValue>
</operation>

<operation id="9" st_id="1" stage="1" lat="1">
<core>FIFO_LUTRAM</core>
<MemPortIdVec></MemPortIdVec>
<condition id="9">
<or_exp><and_exp></and_exp></or_exp>
</condition>

<Node id="28" bw="8" op_0_bw="8" op_1_bw="8">
<![CDATA[
entry:14  %U_scale_read = call i8 @_ssdm_op_Read.ap_fifo.i8P(i8* %U_scale)

]]></Node>
<StgValue><ssdm name="U_scale_read"/></StgValue>
</operation>

<operation id="10" st_id="1" stage="1" lat="1">
<core>FIFO_LUTRAM</core>
<MemPortIdVec></MemPortIdVec>
<condition id="9">
<or_exp><and_exp></and_exp></or_exp>
</condition>

<Node id="29" bw="8" op_0_bw="8" op_1_bw="8">
<![CDATA[
entry:15  %V_scale_read = call i8 @_ssdm_op_Read.ap_fifo.i8P(i8* %V_scale)

]]></Node>
<StgValue><ssdm name="V_scale_read"/></StgValue>
</operation>

<operation id="11" st_id="1" stage="1" lat="1">
<core>FIFO_LUTRAM</core>
<MemPortIdVec></MemPortIdVec>
<condition id="9">
<or_exp><and_exp></and_exp></or_exp>
</condition>

<Node id="30" bw="16" op_0_bw="16" op_1_bw="16">
<![CDATA[
entry:16  %width = call i16 @_ssdm_op_Read.ap_fifo.i16P(i16* %in_width)

]]></Node>
<StgValue><ssdm name="width"/></StgValue>
</operation>

<operation id="12" st_id="1" stage="1" lat="1">
<core>FIFO_LUTRAM</core>
<MemPortIdVec></MemPortIdVec>
<condition id="9">
<or_exp><and_exp></and_exp></or_exp>
</condition>

<Node id="31" bw="16" op_0_bw="16" op_1_bw="16">
<![CDATA[
entry:17  %height = call i16 @_ssdm_op_Read.ap_fifo.i16P(i16* %in_height)

]]></Node>
<StgValue><ssdm name="height"/></StgValue>
</operation>

<operation id="13" st_id="1" stage="1" lat="1">
<core>FIFO_LUTRAM</core>
<MemPortIdVec></MemPortIdVec>
<condition id="9">
<or_exp><and_exp></and_exp></or_exp>
</condition>

<Node id="32" bw="0" op_0_bw="0" op_1_bw="16" op_2_bw="16">
<![CDATA[
entry:18  call void @_ssdm_op_Write.ap_fifo.i16P(i16* %out_width, i16 %width)

]]></Node>
<StgValue><ssdm name=""/></StgValue>
</operation>

<operation id="14" st_id="1" stage="1" lat="1">
<core>FIFO_LUTRAM</core>
<MemPortIdVec></MemPortIdVec>
<condition id="9">
<or_exp><and_exp></and_exp></or_exp>
</condition>

<Node id="33" bw="0" op_0_bw="0" op_1_bw="16" op_2_bw="16">
<![CDATA[
entry:19  call void @_ssdm_op_Write.ap_fifo.i16P(i16* %out_height, i16 %height)

]]></Node>
<StgValue><ssdm name=""/></StgValue>
</operation>
</state>

<state id="2" st_id="2">

<operation id="15" st_id="2" stage="1" lat="1">
<core>NULL</core>
<MemPortIdVec></MemPortIdVec>
<condition id="10">
<or_exp><and_exp></and_exp></or_exp>
</condition>

<Node id="14" bw="32" op_0_bw="32" op_1_bw="16" op_2_bw="0" op_3_bw="32" op_4_bw="32" op_5_bw="0" op_6_bw="32" op_7_bw="32" op_8_bw="0" op_9_bw="0" op_10_bw="0" op_11_bw="32" op_12_bw="32" op_13_bw="32" op_14_bw="32" op_15_bw="0" op_16_bw="0">
<![CDATA[
entry:0  %empty = call i32 (...)* @_ssdm_op_SpecInterface(i16* %out_height, [8 x i8]* @ap_fifo_str, i32 0, i32 0, [1 x i8]* @p_str, i32 0, i32 0, [1 x i8]* @p_str, [1 x i8]* @p_str, [1 x i8]* @p_str, i32 2, i32 2, i32 16, i32 16, [1 x i8]* @p_str, [1 x i8]* @p_str)

]]></Node>
<StgValue><ssdm name="empty"/></StgValue>
</operation>

<operation id="16" st_id="2" stage="1" lat="1">
<core>NULL</core>
<MemPortIdVec></MemPortIdVec>
<condition id="10">
<or_exp><and_exp></and_exp></or_exp>
</condition>

<Node id="15" bw="32" op_0_bw="32" op_1_bw="16" op_2_bw="0" op_3_bw="32" op_4_bw="32" op_5_bw="0" op_6_bw="32" op_7_bw="32" op_8_bw="0" op_9_bw="0" op_10_bw="0" op_11_bw="32" op_12_bw="32" op_13_bw="32" op_14_bw="32" op_15_bw="0" op_16_bw="0">
<![CDATA[
entry:1  %empty_17 = call i32 (...)* @_ssdm_op_SpecInterface(i16* %out_width, [8 x i8]* @ap_fifo_str, i32 0, i32 0, [1 x i8]* @p_str, i32 0, i32 0, [1 x i8]* @p_str, [1 x i8]* @p_str, [1 x i8]* @p_str, i32 2, i32 2, i32 16, i32 16, [1 x i8]* @p_str, [1 x i8]* @p_str)

]]></Node>
<StgValue><ssdm name="empty_17"/></StgValue>
</operation>

<operation id="17" st_id="2" stage="1" lat="1">
<core>NULL</core>
<MemPortIdVec></MemPortIdVec>
<condition id="10">
<or_exp><and_exp></and_exp></or_exp>
</condition>

<Node id="16" bw="32" op_0_bw="32" op_1_bw="8" op_2_bw="0" op_3_bw="32" op_4_bw="32" op_5_bw="0" op_6_bw="32" op_7_bw="32" op_8_bw="0" op_9_bw="0" op_10_bw="0" op_11_bw="32" op_12_bw="32" op_13_bw="32" op_14_bw="32" op_15_bw="0" op_16_bw="0">
<![CDATA[
entry:2  %empty_18 = call i32 (...)* @_ssdm_op_SpecInterface(i8* %out_channels_ch3, [8 x i8]* @ap_fifo_str, i32 0, i32 0, [1 x i8]* @p_str, i32 0, i32 0, [1 x i8]* @p_str, [1 x i8]* @p_str, [1 x i8]* @p_str, i32 2, i32 2, i32 16, i32 16, [1 x i8]* @p_str, [1 x i8]* @p_str)

]]></Node>
<StgValue><ssdm name="empty_18"/></StgValue>
</operation>

<operation id="18" st_id="2" stage="1" lat="1">
<core>NULL</core>
<MemPortIdVec></MemPortIdVec>
<condition id="10">
<or_exp><and_exp></and_exp></or_exp>
</condition>

<Node id="17" bw="32" op_0_bw="32" op_1_bw="8" op_2_bw="0" op_3_bw="32" op_4_bw="32" op_5_bw="0" op_6_bw="32" op_7_bw="32" op_8_bw="0" op_9_bw="0" op_10_bw="0" op_11_bw="32" op_12_bw="32" op_13_bw="32" op_14_bw="32" op_15_bw="0" op_16_bw="0">
<![CDATA[
entry:3  %empty_19 = call i32 (...)* @_ssdm_op_SpecInterface(i8* %out_channels_ch2, [8 x i8]* @ap_fifo_str, i32 0, i32 0, [1 x i8]* @p_str, i32 0, i32 0, [1 x i8]* @p_str, [1 x i8]* @p_str, [1 x i8]* @p_str, i32 2, i32 2, i32 16, i32 16, [1 x i8]* @p_str, [1 x i8]* @p_str)

]]></Node>
<StgValue><ssdm name="empty_19"/></StgValue>
</operation>

<operation id="19" st_id="2" stage="1" lat="1">
<core>NULL</core>
<MemPortIdVec></MemPortIdVec>
<condition id="10">
<or_exp><and_exp></and_exp></or_exp>
</condition>

<Node id="18" bw="32" op_0_bw="32" op_1_bw="8" op_2_bw="0" op_3_bw="32" op_4_bw="32" op_5_bw="0" op_6_bw="32" op_7_bw="32" op_8_bw="0" op_9_bw="0" op_10_bw="0" op_11_bw="32" op_12_bw="32" op_13_bw="32" op_14_bw="32" op_15_bw="0" op_16_bw="0">
<![CDATA[
entry:4  %empty_20 = call i32 (...)* @_ssdm_op_SpecInterface(i8* %out_channels_ch1, [8 x i8]* @ap_fifo_str, i32 0, i32 0, [1 x i8]* @p_str, i32 0, i32 0, [1 x i8]* @p_str, [1 x i8]* @p_str, [1 x i8]* @p_str, i32 2, i32 2, i32 16, i32 16, [1 x i8]* @p_str, [1 x i8]* @p_str)

]]></Node>
<StgValue><ssdm name="empty_20"/></StgValue>
</operation>

<operation id="20" st_id="2" stage="1" lat="1">
<core>NULL</core>
<MemPortIdVec></MemPortIdVec>
<condition id="10">
<or_exp><and_exp></and_exp></or_exp>
</condition>

<Node id="19" bw="32" op_0_bw="32" op_1_bw="16" op_2_bw="0" op_3_bw="32" op_4_bw="32" op_5_bw="0" op_6_bw="32" op_7_bw="32" op_8_bw="0" op_9_bw="0" op_10_bw="0" op_11_bw="32" op_12_bw="32" op_13_bw="32" op_14_bw="32" op_15_bw="0" op_16_bw="0">
<![CDATA[
entry:5  %empty_21 = call i32 (...)* @_ssdm_op_SpecInterface(i16* %in_height, [8 x i8]* @ap_fifo_str, i32 0, i32 0, [1 x i8]* @p_str, i32 0, i32 0, [1 x i8]* @p_str, [1 x i8]* @p_str, [1 x i8]* @p_str, i32 2, i32 2, i32 16, i32 16, [1 x i8]* @p_str, [1 x i8]* @p_str)

]]></Node>
<StgValue><ssdm name="empty_21"/></StgValue>
</operation>

<operation id="21" st_id="2" stage="1" lat="1">
<core>NULL</core>
<MemPortIdVec></MemPortIdVec>
<condition id="10">
<or_exp><and_exp></and_exp></or_exp>
</condition>

<Node id="20" bw="32" op_0_bw="32" op_1_bw="16" op_2_bw="0" op_3_bw="32" op_4_bw="32" op_5_bw="0" op_6_bw="32" op_7_bw="32" op_8_bw="0" op_9_bw="0" op_10_bw="0" op_11_bw="32" op_12_bw="32" op_13_bw="32" op_14_bw="32" op_15_bw="0" op_16_bw="0">
<![CDATA[
entry:6  %empty_22 = call i32 (...)* @_ssdm_op_SpecInterface(i16* %in_width, [8 x i8]* @ap_fifo_str, i32 0, i32 0, [1 x i8]* @p_str, i32 0, i32 0, [1 x i8]* @p_str, [1 x i8]* @p_str, [1 x i8]* @p_str, i32 2, i32 2, i32 16, i32 16, [1 x i8]* @p_str, [1 x i8]* @p_str)

]]></Node>
<StgValue><ssdm name="empty_22"/></StgValue>
</operation>

<operation id="22" st_id="2" stage="1" lat="1">
<core>NULL</core>
<MemPortIdVec></MemPortIdVec>
<condition id="10">
<or_exp><and_exp></and_exp></or_exp>
</condition>

<Node id="21" bw="32" op_0_bw="32" op_1_bw="8" op_2_bw="0" op_3_bw="32" op_4_bw="32" op_5_bw="0" op_6_bw="32" op_7_bw="32" op_8_bw="0" op_9_bw="0" op_10_bw="0" op_11_bw="32" op_12_bw="32" op_13_bw="32" op_14_bw="32" op_15_bw="0" op_16_bw="0">
<![CDATA[
entry:7  %empty_23 = call i32 (...)* @_ssdm_op_SpecInterface(i8* %in_channels_ch3, [8 x i8]* @ap_fifo_str, i32 0, i32 0, [1 x i8]* @p_str, i32 0, i32 0, [1 x i8]* @p_str, [1 x i8]* @p_str, [1 x i8]* @p_str, i32 2, i32 2, i32 16, i32 16, [1 x i8]* @p_str, [1 x i8]* @p_str)

]]></Node>
<StgValue><ssdm name="empty_23"/></StgValue>
</operation>

<operation id="23" st_id="2" stage="1" lat="1">
<core>NULL</core>
<MemPortIdVec></MemPortIdVec>
<condition id="10">
<or_exp><and_exp></and_exp></or_exp>
</condition>

<Node id="22" bw="32" op_0_bw="32" op_1_bw="8" op_2_bw="0" op_3_bw="32" op_4_bw="32" op_5_bw="0" op_6_bw="32" op_7_bw="32" op_8_bw="0" op_9_bw="0" op_10_bw="0" op_11_bw="32" op_12_bw="32" op_13_bw="32" op_14_bw="32" op_15_bw="0" op_16_bw="0">
<![CDATA[
entry:8  %empty_24 = call i32 (...)* @_ssdm_op_SpecInterface(i8* %in_channels_ch2, [8 x i8]* @ap_fifo_str, i32 0, i32 0, [1 x i8]* @p_str, i32 0, i32 0, [1 x i8]* @p_str, [1 x i8]* @p_str, [1 x i8]* @p_str, i32 2, i32 2, i32 16, i32 16, [1 x i8]* @p_str, [1 x i8]* @p_str)

]]></Node>
<StgValue><ssdm name="empty_24"/></StgValue>
</operation>

<operation id="24" st_id="2" stage="1" lat="1">
<core>NULL</core>
<MemPortIdVec></MemPortIdVec>
<condition id="10">
<or_exp><and_exp></and_exp></or_exp>
</condition>

<Node id="23" bw="32" op_0_bw="32" op_1_bw="8" op_2_bw="0" op_3_bw="32" op_4_bw="32" op_5_bw="0" op_6_bw="32" op_7_bw="32" op_8_bw="0" op_9_bw="0" op_10_bw="0" op_11_bw="32" op_12_bw="32" op_13_bw="32" op_14_bw="32" op_15_bw="0" op_16_bw="0">
<![CDATA[
entry:9  %empty_25 = call i32 (...)* @_ssdm_op_SpecInterface(i8* %in_channels_ch1, [8 x i8]* @ap_fifo_str, i32 0, i32 0, [1 x i8]* @p_str, i32 0, i32 0, [1 x i8]* @p_str, [1 x i8]* @p_str, [1 x i8]* @p_str, i32 2, i32 2, i32 16, i32 16, [1 x i8]* @p_str, [1 x i8]* @p_str)

]]></Node>
<StgValue><ssdm name="empty_25"/></StgValue>
</operation>

<operation id="25" st_id="2" stage="1" lat="1">
<core>NULL</core>
<MemPortIdVec></MemPortIdVec>
<condition id="10">
<or_exp><and_exp></and_exp></or_exp>
</condition>

<Node id="24" bw="32" op_0_bw="32" op_1_bw="8" op_2_bw="0" op_3_bw="32" op_4_bw="32" op_5_bw="0" op_6_bw="32" op_7_bw="32" op_8_bw="0" op_9_bw="0" op_10_bw="0" op_11_bw="32" op_12_bw="32" op_13_bw="32" op_14_bw="32" op_15_bw="0" op_16_bw="0">
<![CDATA[
entry:10  %empty_26 = call i32 (...)* @_ssdm_op_SpecInterface(i8* %V_scale, [8 x i8]* @ap_fifo_str, i32 0, i32 0, [1 x i8]* @p_str, i32 0, i32 0, [1 x i8]* @p_str, [1 x i8]* @p_str, [1 x i8]* @p_str, i32 2, i32 2, i32 16, i32 16, [1 x i8]* @p_str, [1 x i8]* @p_str)

]]></Node>
<StgValue><ssdm name="empty_26"/></StgValue>
</operation>

<operation id="26" st_id="2" stage="1" lat="1">
<core>NULL</core>
<MemPortIdVec></MemPortIdVec>
<condition id="10">
<or_exp><and_exp></and_exp></or_exp>
</condition>

<Node id="25" bw="32" op_0_bw="32" op_1_bw="8" op_2_bw="0" op_3_bw="32" op_4_bw="32" op_5_bw="0" op_6_bw="32" op_7_bw="32" op_8_bw="0" op_9_bw="0" op_10_bw="0" op_11_bw="32" op_12_bw="32" op_13_bw="32" op_14_bw="32" op_15_bw="0" op_16_bw="0">
<![CDATA[
entry:11  %empty_27 = call i32 (...)* @_ssdm_op_SpecInterface(i8* %U_scale, [8 x i8]* @ap_fifo_str, i32 0, i32 0, [1 x i8]* @p_str, i32 0, i32 0, [1 x i8]* @p_str, [1 x i8]* @p_str, [1 x i8]* @p_str, i32 2, i32 2, i32 16, i32 16, [1 x i8]* @p_str, [1 x i8]* @p_str)

]]></Node>
<StgValue><ssdm name="empty_27"/></StgValue>
</operation>

<operation id="27" st_id="2" stage="1" lat="1">
<core>NULL</core>
<MemPortIdVec></MemPortIdVec>
<condition id="10">
<or_exp><and_exp></and_exp></or_exp>
</condition>

<Node id="26" bw="32" op_0_bw="32" op_1_bw="8" op_2_bw="0" op_3_bw="32" op_4_bw="32" op_5_bw="0" op_6_bw="32" op_7_bw="32" op_8_bw="0" op_9_bw="0" op_10_bw="0" op_11_bw="32" op_12_bw="32" op_13_bw="32" op_14_bw="32" op_15_bw="0" op_16_bw="0">
<![CDATA[
entry:12  %empty_28 = call i32 (...)* @_ssdm_op_SpecInterface(i8* %Y_scale, [8 x i8]* @ap_fifo_str, i32 0, i32 0, [1 x i8]* @p_str, i32 0, i32 0, [1 x i8]* @p_str, [1 x i8]* @p_str, [1 x i8]* @p_str, i32 2, i32 2, i32 16, i32 16, [1 x i8]* @p_str, [1 x i8]* @p_str)

]]></Node>
<StgValue><ssdm name="empty_28"/></StgValue>
</operation>

<operation id="28" st_id="2" stage="1" lat="1">
<core>NULL</core>
<MemPortIdVec></MemPortIdVec>
<condition id="10">
<or_exp><and_exp></and_exp></or_exp>
</condition>

<Node id="34" bw="15" op_0_bw="8">
<![CDATA[
entry:20  %tmp_cast_i = zext i8 %Y_scale_read to i15

]]></Node>
<StgValue><ssdm name="tmp_cast_i"/></StgValue>
</operation>

<operation id="29" st_id="2" stage="1" lat="1">
<core>NULL</core>
<MemPortIdVec></MemPortIdVec>
<condition id="10">
<or_exp><and_exp></and_exp></or_exp>
</condition>

<Node id="35" bw="15" op_0_bw="8">
<![CDATA[
entry:21  %tmp_1_cast_i = zext i8 %U_scale_read to i15

]]></Node>
<StgValue><ssdm name="tmp_1_cast_i"/></StgValue>
</operation>

<operation id="30" st_id="2" stage="1" lat="1">
<core>NULL</core>
<MemPortIdVec></MemPortIdVec>
<condition id="10">
<or_exp><and_exp></and_exp></or_exp>
</condition>

<Node id="36" bw="15" op_0_bw="8">
<![CDATA[
entry:22  %tmp_2_cast_i = zext i8 %V_scale_read to i15

]]></Node>
<StgValue><ssdm name="tmp_2_cast_i"/></StgValue>
</operation>

<operation id="31" st_id="2" stage="1" lat="1">
<core>NULL</core>
<MemPortIdVec></MemPortIdVec>
<condition id="10">
<or_exp><and_exp></and_exp></or_exp>
</condition>

<Node id="37" bw="32" op_0_bw="16">
<![CDATA[
entry:23  %cast = zext i16 %width to i32

]]></Node>
<StgValue><ssdm name="cast"/></StgValue>
</operation>

<operation id="32" st_id="2" stage="1" lat="1">
<core>NULL</core>
<MemPortIdVec></MemPortIdVec>
<condition id="10">
<or_exp><and_exp></and_exp></or_exp>
</condition>

<Node id="38" bw="32" op_0_bw="16">
<![CDATA[
entry:24  %cast1 = zext i16 %height to i32

]]></Node>
<StgValue><ssdm name="cast1"/></StgValue>
</operation>

<operation id="33" st_id="2" stage="1" lat="1">
<core>DSP48</core>
<MemPortIdVec></MemPortIdVec>
<condition id="10">
<or_exp><and_exp></and_exp></or_exp>
</condition>

<Node id="39" bw="32" op_0_bw="32" op_1_bw="32">
<![CDATA[
entry:25  %bound = mul i32 %cast1, %cast

]]></Node>
<StgValue><ssdm name="bound"/></StgValue>
</operation>

<operation id="34" st_id="2" stage="1" lat="1">
<core>NULL</core>
<MemPortIdVec></MemPortIdVec>
<condition id="10">
<or_exp><and_exp></and_exp></or_exp>
</condition>

<Node id="40" bw="0" op_0_bw="0">
<![CDATA[
entry:26  br label %0

]]></Node>
<StgValue><ssdm name=""/></StgValue>
</operation>
</state>

<state id="3" st_id="3">

<operation id="35" st_id="3" stage="1" lat="1">
<core>NULL</core>
<MemPortIdVec></MemPortIdVec>
<condition id="-1">
<or_exp><and_exp></and_exp></or_exp>
</condition>

<Node id="42" bw="32" op_0_bw="32" op_1_bw="0">
<![CDATA[
:0  %indvar_flatten = phi i32 [ 0, %entry ], [ %indvar_flatten_next, %.reset ]

]]></Node>
<StgValue><ssdm name="indvar_flatten"/></StgValue>
</operation>

<operation id="36" st_id="3" stage="1" lat="1">
<core>Cmp</core>
<MemPortIdVec></MemPortIdVec>
<condition id="-1">
<or_exp><and_exp></and_exp></or_exp>
</condition>

<Node id="43" bw="1" op_0_bw="32" op_1_bw="32">
<![CDATA[
:1  %exitcond_flatten = icmp eq i32 %indvar_flatten, %bound

]]></Node>
<StgValue><ssdm name="exitcond_flatten"/></StgValue>
</operation>

<operation id="37" st_id="3" stage="1" lat="1">
<core>AddSub</core>
<MemPortIdVec></MemPortIdVec>
<condition id="-1">
<or_exp><and_exp></and_exp></or_exp>
</condition>

<Node id="44" bw="32" op_0_bw="32" op_1_bw="32">
<![CDATA[
:2  %indvar_flatten_next = add i32 %indvar_flatten, 1

]]></Node>
<StgValue><ssdm name="indvar_flatten_next"/></StgValue>
</operation>

<operation id="38" st_id="3" stage="1" lat="1">
<core>NULL</core>
<MemPortIdVec></MemPortIdVec>
<condition id="-1">
<or_exp><and_exp></and_exp></or_exp>
</condition>

<Node id="45" bw="0" op_0_bw="1" op_1_bw="0" op_2_bw="0">
<![CDATA[
:3  br i1 %exitcond_flatten, label %.exit, label %.reset

]]></Node>
<StgValue><ssdm name=""/></StgValue>
</operation>
</state>

<state id="4" st_id="4">

<operation id="39" st_id="4" stage="1" lat="1">
<core>FIFO_LUTRAM</core>
<MemPortIdVec></MemPortIdVec>
<condition id="0">
<or_exp><and_exp><literal name="exitcond_flatten" val="0"/>
</and_exp></or_exp>
</condition>

<Node id="52" bw="8" op_0_bw="8" op_1_bw="8">
<![CDATA[
.reset:5  %Y = call i8 @_ssdm_op_Read.ap_fifo.volatile.i8P(i8* %in_channels_ch1)

]]></Node>
<StgValue><ssdm name="Y"/></StgValue>
</operation>

<operation id="40" st_id="4" stage="1" lat="1">
<core>FIFO_LUTRAM</core>
<MemPortIdVec></MemPortIdVec>
<condition id="0">
<or_exp><and_exp><literal name="exitcond_flatten" val="0"/>
</and_exp></or_exp>
</condition>

<Node id="53" bw="8" op_0_bw="8" op_1_bw="8">
<![CDATA[
.reset:6  %U = call i8 @_ssdm_op_Read.ap_fifo.volatile.i8P(i8* %in_channels_ch2)

]]></Node>
<StgValue><ssdm name="U"/></StgValue>
</operation>

<operation id="41" st_id="4" stage="1" lat="1">
<core>FIFO_LUTRAM</core>
<MemPortIdVec></MemPortIdVec>
<condition id="0">
<or_exp><and_exp><literal name="exitcond_flatten" val="0"/>
</and_exp></or_exp>
</condition>

<Node id="54" bw="8" op_0_bw="8" op_1_bw="8">
<![CDATA[
.reset:7  %V = call i8 @_ssdm_op_Read.ap_fifo.volatile.i8P(i8* %in_channels_ch3)

]]></Node>
<StgValue><ssdm name="V"/></StgValue>
</operation>
</state>

<state id="5" st_id="5">

<operation id="42" st_id="5" stage="1" lat="1">
<core>NULL</core>
<MemPortIdVec></MemPortIdVec>
<condition id="0">
<or_exp><and_exp><literal name="exitcond_flatten" val="0"/>
</and_exp></or_exp>
</condition>

<Node id="55" bw="15" op_0_bw="8">
<![CDATA[
.reset:8  %tmp_6_cast_i = zext i8 %Y to i15

]]></Node>
<StgValue><ssdm name="tmp_6_cast_i"/></StgValue>
</operation>

<operation id="43" st_id="5" stage="1" lat="1">
<core>Mul</core>
<MemPortIdVec></MemPortIdVec>
<condition id="0">
<or_exp><and_exp><literal name="exitcond_flatten" val="0"/>
</and_exp></or_exp>
</condition>

<Node id="56" bw="15" op_0_bw="15" op_1_bw="15">
<![CDATA[
.reset:9  %tmp_7_i = mul i15 %tmp_6_cast_i, %tmp_cast_i

]]></Node>
<StgValue><ssdm name="tmp_7_i"/></StgValue>
</operation>

<operation id="44" st_id="5" stage="1" lat="1">
<core>NULL</core>
<MemPortIdVec></MemPortIdVec>
<condition id="0">
<or_exp><and_exp><literal name="exitcond_flatten" val="0"/>
</and_exp></or_exp>
</condition>

<Node id="57" bw="15" op_0_bw="8">
<![CDATA[
.reset:10  %tmp_9_cast_i = zext i8 %U to i15

]]></Node>
<StgValue><ssdm name="tmp_9_cast_i"/></StgValue>
</operation>

<operation id="45" st_id="5" stage="1" lat="1">
<core>Mul</core>
<MemPortIdVec></MemPortIdVec>
<condition id="0">
<or_exp><and_exp><literal name="exitcond_flatten" val="0"/>
</and_exp></or_exp>
</condition>

<Node id="58" bw="15" op_0_bw="15" op_1_bw="15">
<![CDATA[
.reset:11  %tmp_i = mul i15 %tmp_9_cast_i, %tmp_1_cast_i

]]></Node>
<StgValue><ssdm name="tmp_i"/></StgValue>
</operation>

<operation id="46" st_id="5" stage="1" lat="1">
<core>NULL</core>
<MemPortIdVec></MemPortIdVec>
<condition id="0">
<or_exp><and_exp><literal name="exitcond_flatten" val="0"/>
</and_exp></or_exp>
</condition>

<Node id="59" bw="15" op_0_bw="8">
<![CDATA[
.reset:12  %tmp_4_cast_i = zext i8 %V to i15

]]></Node>
<StgValue><ssdm name="tmp_4_cast_i"/></StgValue>
</operation>

<operation id="47" st_id="5" stage="1" lat="1">
<core>Mul</core>
<MemPortIdVec></MemPortIdVec>
<condition id="0">
<or_exp><and_exp><literal name="exitcond_flatten" val="0"/>
</and_exp></or_exp>
</condition>

<Node id="60" bw="15" op_0_bw="15" op_1_bw="15">
<![CDATA[
.reset:13  %tmp_8_i = mul i15 %tmp_4_cast_i, %tmp_2_cast_i

]]></Node>
<StgValue><ssdm name="tmp_8_i"/></StgValue>
</operation>

<operation id="48" st_id="5" stage="1" lat="1">
<core>NULL</core>
<MemPortIdVec></MemPortIdVec>
<condition id="0">
<or_exp><and_exp><literal name="exitcond_flatten" val="0"/>
</and_exp></or_exp>
</condition>

<Node id="61" bw="8" op_0_bw="8" op_1_bw="15" op_2_bw="32" op_3_bw="32">
<![CDATA[
.reset:14  %tmp_10_i = call i8 @_ssdm_op_PartSelect.i8.i15.i32.i32(i15 %tmp_7_i, i32 7, i32 14)

]]></Node>
<StgValue><ssdm name="tmp_10_i"/></StgValue>
</operation>

<operation id="49" st_id="5" stage="1" lat="1">
<core>NULL</core>
<MemPortIdVec></MemPortIdVec>
<condition id="0">
<or_exp><and_exp><literal name="exitcond_flatten" val="0"/>
</and_exp></or_exp>
</condition>

<Node id="63" bw="8" op_0_bw="8" op_1_bw="15" op_2_bw="32" op_3_bw="32">
<![CDATA[
.reset:16  %tmp_11_i = call i8 @_ssdm_op_PartSelect.i8.i15.i32.i32(i15 %tmp_i, i32 7, i32 14)

]]></Node>
<StgValue><ssdm name="tmp_11_i"/></StgValue>
</operation>

<operation id="50" st_id="5" stage="1" lat="1">
<core>NULL</core>
<MemPortIdVec></MemPortIdVec>
<condition id="0">
<or_exp><and_exp><literal name="exitcond_flatten" val="0"/>
</and_exp></or_exp>
</condition>

<Node id="65" bw="8" op_0_bw="8" op_1_bw="15" op_2_bw="32" op_3_bw="32">
<![CDATA[
.reset:18  %tmp_12_i = call i8 @_ssdm_op_PartSelect.i8.i15.i32.i32(i15 %tmp_8_i, i32 7, i32 14)

]]></Node>
<StgValue><ssdm name="tmp_12_i"/></StgValue>
</operation>
</state>

<state id="6" st_id="6">

<operation id="51" st_id="6" stage="1" lat="1">
<core>NULL</core>
<MemPortIdVec></MemPortIdVec>
<condition id="0">
<or_exp><and_exp><literal name="exitcond_flatten" val="0"/>
</and_exp></or_exp>
</condition>

<Node id="47" bw="0" op_0_bw="0" op_1_bw="0">
<![CDATA[
.reset:0  call void (...)* @_ssdm_op_SpecLoopName([34 x i8]* @YUV_SCALE_LOOP_X_YUV)

]]></Node>
<StgValue><ssdm name=""/></StgValue>
</operation>

<operation id="52" st_id="6" stage="1" lat="1">
<core>NULL</core>
<MemPortIdVec></MemPortIdVec>
<condition id="0">
<or_exp><and_exp><literal name="exitcond_flatten" val="0"/>
</and_exp></or_exp>
</condition>

<Node id="48" bw="0" op_0_bw="0" op_1_bw="64" op_2_bw="64" op_3_bw="64">
<![CDATA[
.reset:1  call void (...)* @_ssdm_op_SpecLoopTripCount(i64 40000, i64 2457600, i64 784400)

]]></Node>
<StgValue><ssdm name=""/></StgValue>
</operation>

<operation id="53" st_id="6" stage="1" lat="1">
<core>NULL</core>
<MemPortIdVec></MemPortIdVec>
<condition id="0">
<or_exp><and_exp><literal name="exitcond_flatten" val="0"/>
</and_exp></or_exp>
</condition>

<Node id="49" bw="0" op_0_bw="0" op_1_bw="0">
<![CDATA[
.reset:2  call void (...)* @_ssdm_op_SpecLoopName([17 x i8]* @p_str6) nounwind

]]></Node>
<StgValue><ssdm name=""/></StgValue>
</operation>

<operation id="54" st_id="6" stage="1" lat="1">
<core>NULL</core>
<MemPortIdVec></MemPortIdVec>
<condition id="0">
<or_exp><and_exp><literal name="exitcond_flatten" val="0"/>
</and_exp></or_exp>
</condition>

<Node id="50" bw="32" op_0_bw="32" op_1_bw="0">
<![CDATA[
.reset:3  %tmp_14_i = call i32 (...)* @_ssdm_op_SpecRegionBegin([17 x i8]* @p_str6)

]]></Node>
<StgValue><ssdm name="tmp_14_i"/></StgValue>
</operation>

<operation id="55" st_id="6" stage="1" lat="1">
<core>NULL</core>
<MemPortIdVec></MemPortIdVec>
<condition id="0">
<or_exp><and_exp><literal name="exitcond_flatten" val="0"/>
</and_exp></or_exp>
</condition>

<Node id="51" bw="0" op_0_bw="0" op_1_bw="32" op_2_bw="32" op_3_bw="32" op_4_bw="32" op_5_bw="0">
<![CDATA[
.reset:4  call void (...)* @_ssdm_op_SpecPipeline(i32 -1, i32 1, i32 1, i32 0, [1 x i8]* @p_str) nounwind

]]></Node>
<StgValue><ssdm name=""/></StgValue>
</operation>

<operation id="56" st_id="6" stage="1" lat="1">
<core>FIFO_LUTRAM</core>
<MemPortIdVec></MemPortIdVec>
<condition id="0">
<or_exp><and_exp><literal name="exitcond_flatten" val="0"/>
</and_exp></or_exp>
</condition>

<Node id="62" bw="0" op_0_bw="0" op_1_bw="8" op_2_bw="8">
<![CDATA[
.reset:15  call void @_ssdm_op_Write.ap_fifo.volatile.i8P(i8* %out_channels_ch1, i8 %tmp_10_i)

]]></Node>
<StgValue><ssdm name=""/></StgValue>
</operation>

<operation id="57" st_id="6" stage="1" lat="1">
<core>FIFO_LUTRAM</core>
<MemPortIdVec></MemPortIdVec>
<condition id="0">
<or_exp><and_exp><literal name="exitcond_flatten" val="0"/>
</and_exp></or_exp>
</condition>

<Node id="64" bw="0" op_0_bw="0" op_1_bw="8" op_2_bw="8">
<![CDATA[
.reset:17  call void @_ssdm_op_Write.ap_fifo.volatile.i8P(i8* %out_channels_ch2, i8 %tmp_11_i)

]]></Node>
<StgValue><ssdm name=""/></StgValue>
</operation>

<operation id="58" st_id="6" stage="1" lat="1">
<core>FIFO_LUTRAM</core>
<MemPortIdVec></MemPortIdVec>
<condition id="0">
<or_exp><and_exp><literal name="exitcond_flatten" val="0"/>
</and_exp></or_exp>
</condition>

<Node id="66" bw="0" op_0_bw="0" op_1_bw="8" op_2_bw="8">
<![CDATA[
.reset:19  call void @_ssdm_op_Write.ap_fifo.volatile.i8P(i8* %out_channels_ch3, i8 %tmp_12_i)

]]></Node>
<StgValue><ssdm name=""/></StgValue>
</operation>

<operation id="59" st_id="6" stage="1" lat="1">
<core>NULL</core>
<MemPortIdVec></MemPortIdVec>
<condition id="0">
<or_exp><and_exp><literal name="exitcond_flatten" val="0"/>
</and_exp></or_exp>
</condition>

<Node id="67" bw="32" op_0_bw="32" op_1_bw="0" op_2_bw="32">
<![CDATA[
.reset:20  %empty_29 = call i32 (...)* @_ssdm_op_SpecRegionEnd([17 x i8]* @p_str6, i32 %tmp_14_i)

]]></Node>
<StgValue><ssdm name="empty_29"/></StgValue>
</operation>

<operation id="60" st_id="6" stage="1" lat="1">
<core>NULL</core>
<MemPortIdVec></MemPortIdVec>
<condition id="0">
<or_exp><and_exp><literal name="exitcond_flatten" val="0"/>
</and_exp></or_exp>
</condition>

<Node id="68" bw="0" op_0_bw="0">
<![CDATA[
.reset:21  br label %0

]]></Node>
<StgValue><ssdm name=""/></StgValue>
</operation>
</state>

<state id="7" st_id="7">

<operation id="61" st_id="7" stage="1" lat="1">
<core>NULL</core>
<MemPortIdVec></MemPortIdVec>
<condition id="11">
<or_exp><and_exp></and_exp></or_exp>
</condition>

<Node id="70" bw="0">
<![CDATA[
.exit:0  ret void

]]></Node>
<StgValue><ssdm name=""/></StgValue>
</operation>
</state>
</state_list>


<ports>
<port id="75" name="in_channels_ch1" dir="0" iftype="3">
<core>FIFO_LUTRAM</core><StgValue><ssdm name="in_channels_ch1"/></StgValue>
</port>
<port id="76" name="in_channels_ch2" dir="0" iftype="3">
<core>FIFO_LUTRAM</core><StgValue><ssdm name="in_channels_ch2"/></StgValue>
</port>
<port id="77" name="in_channels_ch3" dir="0" iftype="3">
<core>FIFO_LUTRAM</core><StgValue><ssdm name="in_channels_ch3"/></StgValue>
</port>
<port id="78" name="in_width" dir="0" iftype="3">
<core>FIFO_LUTRAM</core><StgValue><ssdm name="in_width"/></StgValue>
</port>
<port id="79" name="in_height" dir="0" iftype="3">
<core>FIFO_LUTRAM</core><StgValue><ssdm name="in_height"/></StgValue>
</port>
<port id="80" name="out_channels_ch1" dir="1" iftype="3">
<core>FIFO_LUTRAM</core><StgValue><ssdm name="out_channels_ch1"/></StgValue>
</port>
<port id="81" name="out_channels_ch2" dir="1" iftype="3">
<core>FIFO_LUTRAM</core><StgValue><ssdm name="out_channels_ch2"/></StgValue>
</port>
<port id="82" name="out_channels_ch3" dir="1" iftype="3">
<core>FIFO_LUTRAM</core><StgValue><ssdm name="out_channels_ch3"/></StgValue>
</port>
<port id="83" name="out_width" dir="1" iftype="3">
<core>FIFO_LUTRAM</core><StgValue><ssdm name="out_width"/></StgValue>
</port>
<port id="84" name="out_height" dir="1" iftype="3">
<core>FIFO_LUTRAM</core><StgValue><ssdm name="out_height"/></StgValue>
</port>
<port id="85" name="Y_scale" dir="0" iftype="3">
<core>FIFO_LUTRAM</core><StgValue><ssdm name="Y_scale"/></StgValue>
</port>
<port id="86" name="U_scale" dir="0" iftype="3">
<core>FIFO_LUTRAM</core><StgValue><ssdm name="U_scale"/></StgValue>
</port>
<port id="87" name="V_scale" dir="0" iftype="3">
<core>FIFO_LUTRAM</core><StgValue><ssdm name="V_scale"/></StgValue>
</port>
</ports>


<dataflows>
<dataflow id="89" from="_ssdm_op_Read.ap_fifo.i8P" to="Y_scale_read" fromId="88" toId="8">
</dataflow>
<dataflow id="90" from="Y_scale" to="Y_scale_read" fromId="85" toId="8">
</dataflow>
<dataflow id="91" from="_ssdm_op_Read.ap_fifo.i8P" to="U_scale_read" fromId="88" toId="9">
</dataflow>
<dataflow id="92" from="U_scale" to="U_scale_read" fromId="86" toId="9">
</dataflow>
<dataflow id="93" from="_ssdm_op_Read.ap_fifo.i8P" to="V_scale_read" fromId="88" toId="10">
</dataflow>
<dataflow id="94" from="V_scale" to="V_scale_read" fromId="87" toId="10">
</dataflow>
<dataflow id="96" from="_ssdm_op_Read.ap_fifo.i16P" to="width" fromId="95" toId="11">
</dataflow>
<dataflow id="97" from="in_width" to="width" fromId="78" toId="11">
</dataflow>
<dataflow id="98" from="_ssdm_op_Read.ap_fifo.i16P" to="height" fromId="95" toId="12">
</dataflow>
<dataflow id="99" from="in_height" to="height" fromId="79" toId="12">
</dataflow>
<dataflow id="101" from="_ssdm_op_Write.ap_fifo.i16P" to="StgValue_13" fromId="100" toId="13">
</dataflow>
<dataflow id="102" from="out_width" to="StgValue_13" fromId="83" toId="13">
</dataflow>
<dataflow id="103" from="width" to="StgValue_13" fromId="11" toId="13">
</dataflow>
<dataflow id="104" from="_ssdm_op_Write.ap_fifo.i16P" to="StgValue_14" fromId="100" toId="14">
</dataflow>
<dataflow id="105" from="out_height" to="StgValue_14" fromId="84" toId="14">
</dataflow>
<dataflow id="106" from="height" to="StgValue_14" fromId="12" toId="14">
</dataflow>
<dataflow id="108" from="_ssdm_op_SpecInterface" to="empty" fromId="107" toId="15">
</dataflow>
<dataflow id="109" from="out_height" to="empty" fromId="84" toId="15">
</dataflow>
<dataflow id="111" from="ap_fifo_str" to="empty" fromId="110" toId="15">
</dataflow>
<dataflow id="113" from="StgValue_112" to="empty" fromId="112" toId="15">
</dataflow>
<dataflow id="114" from="StgValue_112" to="empty" fromId="112" toId="15">
</dataflow>
<dataflow id="116" from="p_str" to="empty" fromId="115" toId="15">
</dataflow>
<dataflow id="117" from="StgValue_112" to="empty" fromId="112" toId="15">
</dataflow>
<dataflow id="118" from="StgValue_112" to="empty" fromId="112" toId="15">
</dataflow>
<dataflow id="119" from="p_str" to="empty" fromId="115" toId="15">
</dataflow>
<dataflow id="120" from="p_str" to="empty" fromId="115" toId="15">
</dataflow>
<dataflow id="121" from="p_str" to="empty" fromId="115" toId="15">
</dataflow>
<dataflow id="123" from="StgValue_122" to="empty" fromId="122" toId="15">
</dataflow>
<dataflow id="124" from="StgValue_122" to="empty" fromId="122" toId="15">
</dataflow>
<dataflow id="126" from="StgValue_125" to="empty" fromId="125" toId="15">
</dataflow>
<dataflow id="127" from="StgValue_125" to="empty" fromId="125" toId="15">
</dataflow>
<dataflow id="128" from="p_str" to="empty" fromId="115" toId="15">
</dataflow>
<dataflow id="129" from="p_str" to="empty" fromId="115" toId="15">
</dataflow>
<dataflow id="130" from="_ssdm_op_SpecInterface" to="empty_17" fromId="107" toId="16">
</dataflow>
<dataflow id="131" from="out_width" to="empty_17" fromId="83" toId="16">
</dataflow>
<dataflow id="132" from="ap_fifo_str" to="empty_17" fromId="110" toId="16">
</dataflow>
<dataflow id="133" from="StgValue_112" to="empty_17" fromId="112" toId="16">
</dataflow>
<dataflow id="134" from="StgValue_112" to="empty_17" fromId="112" toId="16">
</dataflow>
<dataflow id="135" from="p_str" to="empty_17" fromId="115" toId="16">
</dataflow>
<dataflow id="136" from="StgValue_112" to="empty_17" fromId="112" toId="16">
</dataflow>
<dataflow id="137" from="StgValue_112" to="empty_17" fromId="112" toId="16">
</dataflow>
<dataflow id="138" from="p_str" to="empty_17" fromId="115" toId="16">
</dataflow>
<dataflow id="139" from="p_str" to="empty_17" fromId="115" toId="16">
</dataflow>
<dataflow id="140" from="p_str" to="empty_17" fromId="115" toId="16">
</dataflow>
<dataflow id="141" from="StgValue_122" to="empty_17" fromId="122" toId="16">
</dataflow>
<dataflow id="142" from="StgValue_122" to="empty_17" fromId="122" toId="16">
</dataflow>
<dataflow id="143" from="StgValue_125" to="empty_17" fromId="125" toId="16">
</dataflow>
<dataflow id="144" from="StgValue_125" to="empty_17" fromId="125" toId="16">
</dataflow>
<dataflow id="145" from="p_str" to="empty_17" fromId="115" toId="16">
</dataflow>
<dataflow id="146" from="p_str" to="empty_17" fromId="115" toId="16">
</dataflow>
<dataflow id="147" from="_ssdm_op_SpecInterface" to="empty_18" fromId="107" toId="17">
</dataflow>
<dataflow id="148" from="out_channels_ch3" to="empty_18" fromId="82" toId="17">
</dataflow>
<dataflow id="149" from="ap_fifo_str" to="empty_18" fromId="110" toId="17">
</dataflow>
<dataflow id="150" from="StgValue_112" to="empty_18" fromId="112" toId="17">
</dataflow>
<dataflow id="151" from="StgValue_112" to="empty_18" fromId="112" toId="17">
</dataflow>
<dataflow id="152" from="p_str" to="empty_18" fromId="115" toId="17">
</dataflow>
<dataflow id="153" from="StgValue_112" to="empty_18" fromId="112" toId="17">
</dataflow>
<dataflow id="154" from="StgValue_112" to="empty_18" fromId="112" toId="17">
</dataflow>
<dataflow id="155" from="p_str" to="empty_18" fromId="115" toId="17">
</dataflow>
<dataflow id="156" from="p_str" to="empty_18" fromId="115" toId="17">
</dataflow>
<dataflow id="157" from="p_str" to="empty_18" fromId="115" toId="17">
</dataflow>
<dataflow id="158" from="StgValue_122" to="empty_18" fromId="122" toId="17">
</dataflow>
<dataflow id="159" from="StgValue_122" to="empty_18" fromId="122" toId="17">
</dataflow>
<dataflow id="160" from="StgValue_125" to="empty_18" fromId="125" toId="17">
</dataflow>
<dataflow id="161" from="StgValue_125" to="empty_18" fromId="125" toId="17">
</dataflow>
<dataflow id="162" from="p_str" to="empty_18" fromId="115" toId="17">
</dataflow>
<dataflow id="163" from="p_str" to="empty_18" fromId="115" toId="17">
</dataflow>
<dataflow id="164" from="_ssdm_op_SpecInterface" to="empty_19" fromId="107" toId="18">
</dataflow>
<dataflow id="165" from="out_channels_ch2" to="empty_19" fromId="81" toId="18">
</dataflow>
<dataflow id="166" from="ap_fifo_str" to="empty_19" fromId="110" toId="18">
</dataflow>
<dataflow id="167" from="StgValue_112" to="empty_19" fromId="112" toId="18">
</dataflow>
<dataflow id="168" from="StgValue_112" to="empty_19" fromId="112" toId="18">
</dataflow>
<dataflow id="169" from="p_str" to="empty_19" fromId="115" toId="18">
</dataflow>
<dataflow id="170" from="StgValue_112" to="empty_19" fromId="112" toId="18">
</dataflow>
<dataflow id="171" from="StgValue_112" to="empty_19" fromId="112" toId="18">
</dataflow>
<dataflow id="172" from="p_str" to="empty_19" fromId="115" toId="18">
</dataflow>
<dataflow id="173" from="p_str" to="empty_19" fromId="115" toId="18">
</dataflow>
<dataflow id="174" from="p_str" to="empty_19" fromId="115" toId="18">
</dataflow>
<dataflow id="175" from="StgValue_122" to="empty_19" fromId="122" toId="18">
</dataflow>
<dataflow id="176" from="StgValue_122" to="empty_19" fromId="122" toId="18">
</dataflow>
<dataflow id="177" from="StgValue_125" to="empty_19" fromId="125" toId="18">
</dataflow>
<dataflow id="178" from="StgValue_125" to="empty_19" fromId="125" toId="18">
</dataflow>
<dataflow id="179" from="p_str" to="empty_19" fromId="115" toId="18">
</dataflow>
<dataflow id="180" from="p_str" to="empty_19" fromId="115" toId="18">
</dataflow>
<dataflow id="181" from="_ssdm_op_SpecInterface" to="empty_20" fromId="107" toId="19">
</dataflow>
<dataflow id="182" from="out_channels_ch1" to="empty_20" fromId="80" toId="19">
</dataflow>
<dataflow id="183" from="ap_fifo_str" to="empty_20" fromId="110" toId="19">
</dataflow>
<dataflow id="184" from="StgValue_112" to="empty_20" fromId="112" toId="19">
</dataflow>
<dataflow id="185" from="StgValue_112" to="empty_20" fromId="112" toId="19">
</dataflow>
<dataflow id="186" from="p_str" to="empty_20" fromId="115" toId="19">
</dataflow>
<dataflow id="187" from="StgValue_112" to="empty_20" fromId="112" toId="19">
</dataflow>
<dataflow id="188" from="StgValue_112" to="empty_20" fromId="112" toId="19">
</dataflow>
<dataflow id="189" from="p_str" to="empty_20" fromId="115" toId="19">
</dataflow>
<dataflow id="190" from="p_str" to="empty_20" fromId="115" toId="19">
</dataflow>
<dataflow id="191" from="p_str" to="empty_20" fromId="115" toId="19">
</dataflow>
<dataflow id="192" from="StgValue_122" to="empty_20" fromId="122" toId="19">
</dataflow>
<dataflow id="193" from="StgValue_122" to="empty_20" fromId="122" toId="19">
</dataflow>
<dataflow id="194" from="StgValue_125" to="empty_20" fromId="125" toId="19">
</dataflow>
<dataflow id="195" from="StgValue_125" to="empty_20" fromId="125" toId="19">
</dataflow>
<dataflow id="196" from="p_str" to="empty_20" fromId="115" toId="19">
</dataflow>
<dataflow id="197" from="p_str" to="empty_20" fromId="115" toId="19">
</dataflow>
<dataflow id="198" from="_ssdm_op_SpecInterface" to="empty_21" fromId="107" toId="20">
</dataflow>
<dataflow id="199" from="in_height" to="empty_21" fromId="79" toId="20">
</dataflow>
<dataflow id="200" from="ap_fifo_str" to="empty_21" fromId="110" toId="20">
</dataflow>
<dataflow id="201" from="StgValue_112" to="empty_21" fromId="112" toId="20">
</dataflow>
<dataflow id="202" from="StgValue_112" to="empty_21" fromId="112" toId="20">
</dataflow>
<dataflow id="203" from="p_str" to="empty_21" fromId="115" toId="20">
</dataflow>
<dataflow id="204" from="StgValue_112" to="empty_21" fromId="112" toId="20">
</dataflow>
<dataflow id="205" from="StgValue_112" to="empty_21" fromId="112" toId="20">
</dataflow>
<dataflow id="206" from="p_str" to="empty_21" fromId="115" toId="20">
</dataflow>
<dataflow id="207" from="p_str" to="empty_21" fromId="115" toId="20">
</dataflow>
<dataflow id="208" from="p_str" to="empty_21" fromId="115" toId="20">
</dataflow>
<dataflow id="209" from="StgValue_122" to="empty_21" fromId="122" toId="20">
</dataflow>
<dataflow id="210" from="StgValue_122" to="empty_21" fromId="122" toId="20">
</dataflow>
<dataflow id="211" from="StgValue_125" to="empty_21" fromId="125" toId="20">
</dataflow>
<dataflow id="212" from="StgValue_125" to="empty_21" fromId="125" toId="20">
</dataflow>
<dataflow id="213" from="p_str" to="empty_21" fromId="115" toId="20">
</dataflow>
<dataflow id="214" from="p_str" to="empty_21" fromId="115" toId="20">
</dataflow>
<dataflow id="215" from="_ssdm_op_SpecInterface" to="empty_22" fromId="107" toId="21">
</dataflow>
<dataflow id="216" from="in_width" to="empty_22" fromId="78" toId="21">
</dataflow>
<dataflow id="217" from="ap_fifo_str" to="empty_22" fromId="110" toId="21">
</dataflow>
<dataflow id="218" from="StgValue_112" to="empty_22" fromId="112" toId="21">
</dataflow>
<dataflow id="219" from="StgValue_112" to="empty_22" fromId="112" toId="21">
</dataflow>
<dataflow id="220" from="p_str" to="empty_22" fromId="115" toId="21">
</dataflow>
<dataflow id="221" from="StgValue_112" to="empty_22" fromId="112" toId="21">
</dataflow>
<dataflow id="222" from="StgValue_112" to="empty_22" fromId="112" toId="21">
</dataflow>
<dataflow id="223" from="p_str" to="empty_22" fromId="115" toId="21">
</dataflow>
<dataflow id="224" from="p_str" to="empty_22" fromId="115" toId="21">
</dataflow>
<dataflow id="225" from="p_str" to="empty_22" fromId="115" toId="21">
</dataflow>
<dataflow id="226" from="StgValue_122" to="empty_22" fromId="122" toId="21">
</dataflow>
<dataflow id="227" from="StgValue_122" to="empty_22" fromId="122" toId="21">
</dataflow>
<dataflow id="228" from="StgValue_125" to="empty_22" fromId="125" toId="21">
</dataflow>
<dataflow id="229" from="StgValue_125" to="empty_22" fromId="125" toId="21">
</dataflow>
<dataflow id="230" from="p_str" to="empty_22" fromId="115" toId="21">
</dataflow>
<dataflow id="231" from="p_str" to="empty_22" fromId="115" toId="21">
</dataflow>
<dataflow id="232" from="_ssdm_op_SpecInterface" to="empty_23" fromId="107" toId="22">
</dataflow>
<dataflow id="233" from="in_channels_ch3" to="empty_23" fromId="77" toId="22">
</dataflow>
<dataflow id="234" from="ap_fifo_str" to="empty_23" fromId="110" toId="22">
</dataflow>
<dataflow id="235" from="StgValue_112" to="empty_23" fromId="112" toId="22">
</dataflow>
<dataflow id="236" from="StgValue_112" to="empty_23" fromId="112" toId="22">
</dataflow>
<dataflow id="237" from="p_str" to="empty_23" fromId="115" toId="22">
</dataflow>
<dataflow id="238" from="StgValue_112" to="empty_23" fromId="112" toId="22">
</dataflow>
<dataflow id="239" from="StgValue_112" to="empty_23" fromId="112" toId="22">
</dataflow>
<dataflow id="240" from="p_str" to="empty_23" fromId="115" toId="22">
</dataflow>
<dataflow id="241" from="p_str" to="empty_23" fromId="115" toId="22">
</dataflow>
<dataflow id="242" from="p_str" to="empty_23" fromId="115" toId="22">
</dataflow>
<dataflow id="243" from="StgValue_122" to="empty_23" fromId="122" toId="22">
</dataflow>
<dataflow id="244" from="StgValue_122" to="empty_23" fromId="122" toId="22">
</dataflow>
<dataflow id="245" from="StgValue_125" to="empty_23" fromId="125" toId="22">
</dataflow>
<dataflow id="246" from="StgValue_125" to="empty_23" fromId="125" toId="22">
</dataflow>
<dataflow id="247" from="p_str" to="empty_23" fromId="115" toId="22">
</dataflow>
<dataflow id="248" from="p_str" to="empty_23" fromId="115" toId="22">
</dataflow>
<dataflow id="249" from="_ssdm_op_SpecInterface" to="empty_24" fromId="107" toId="23">
</dataflow>
<dataflow id="250" from="in_channels_ch2" to="empty_24" fromId="76" toId="23">
</dataflow>
<dataflow id="251" from="ap_fifo_str" to="empty_24" fromId="110" toId="23">
</dataflow>
<dataflow id="252" from="StgValue_112" to="empty_24" fromId="112" toId="23">
</dataflow>
<dataflow id="253" from="StgValue_112" to="empty_24" fromId="112" toId="23">
</dataflow>
<dataflow id="254" from="p_str" to="empty_24" fromId="115" toId="23">
</dataflow>
<dataflow id="255" from="StgValue_112" to="empty_24" fromId="112" toId="23">
</dataflow>
<dataflow id="256" from="StgValue_112" to="empty_24" fromId="112" toId="23">
</dataflow>
<dataflow id="257" from="p_str" to="empty_24" fromId="115" toId="23">
</dataflow>
<dataflow id="258" from="p_str" to="empty_24" fromId="115" toId="23">
</dataflow>
<dataflow id="259" from="p_str" to="empty_24" fromId="115" toId="23">
</dataflow>
<dataflow id="260" from="StgValue_122" to="empty_24" fromId="122" toId="23">
</dataflow>
<dataflow id="261" from="StgValue_122" to="empty_24" fromId="122" toId="23">
</dataflow>
<dataflow id="262" from="StgValue_125" to="empty_24" fromId="125" toId="23">
</dataflow>
<dataflow id="263" from="StgValue_125" to="empty_24" fromId="125" toId="23">
</dataflow>
<dataflow id="264" from="p_str" to="empty_24" fromId="115" toId="23">
</dataflow>
<dataflow id="265" from="p_str" to="empty_24" fromId="115" toId="23">
</dataflow>
<dataflow id="266" from="_ssdm_op_SpecInterface" to="empty_25" fromId="107" toId="24">
</dataflow>
<dataflow id="267" from="in_channels_ch1" to="empty_25" fromId="75" toId="24">
</dataflow>
<dataflow id="268" from="ap_fifo_str" to="empty_25" fromId="110" toId="24">
</dataflow>
<dataflow id="269" from="StgValue_112" to="empty_25" fromId="112" toId="24">
</dataflow>
<dataflow id="270" from="StgValue_112" to="empty_25" fromId="112" toId="24">
</dataflow>
<dataflow id="271" from="p_str" to="empty_25" fromId="115" toId="24">
</dataflow>
<dataflow id="272" from="StgValue_112" to="empty_25" fromId="112" toId="24">
</dataflow>
<dataflow id="273" from="StgValue_112" to="empty_25" fromId="112" toId="24">
</dataflow>
<dataflow id="274" from="p_str" to="empty_25" fromId="115" toId="24">
</dataflow>
<dataflow id="275" from="p_str" to="empty_25" fromId="115" toId="24">
</dataflow>
<dataflow id="276" from="p_str" to="empty_25" fromId="115" toId="24">
</dataflow>
<dataflow id="277" from="StgValue_122" to="empty_25" fromId="122" toId="24">
</dataflow>
<dataflow id="278" from="StgValue_122" to="empty_25" fromId="122" toId="24">
</dataflow>
<dataflow id="279" from="StgValue_125" to="empty_25" fromId="125" toId="24">
</dataflow>
<dataflow id="280" from="StgValue_125" to="empty_25" fromId="125" toId="24">
</dataflow>
<dataflow id="281" from="p_str" to="empty_25" fromId="115" toId="24">
</dataflow>
<dataflow id="282" from="p_str" to="empty_25" fromId="115" toId="24">
</dataflow>
<dataflow id="283" from="_ssdm_op_SpecInterface" to="empty_26" fromId="107" toId="25">
</dataflow>
<dataflow id="284" from="V_scale" to="empty_26" fromId="87" toId="25">
</dataflow>
<dataflow id="285" from="ap_fifo_str" to="empty_26" fromId="110" toId="25">
</dataflow>
<dataflow id="286" from="StgValue_112" to="empty_26" fromId="112" toId="25">
</dataflow>
<dataflow id="287" from="StgValue_112" to="empty_26" fromId="112" toId="25">
</dataflow>
<dataflow id="288" from="p_str" to="empty_26" fromId="115" toId="25">
</dataflow>
<dataflow id="289" from="StgValue_112" to="empty_26" fromId="112" toId="25">
</dataflow>
<dataflow id="290" from="StgValue_112" to="empty_26" fromId="112" toId="25">
</dataflow>
<dataflow id="291" from="p_str" to="empty_26" fromId="115" toId="25">
</dataflow>
<dataflow id="292" from="p_str" to="empty_26" fromId="115" toId="25">
</dataflow>
<dataflow id="293" from="p_str" to="empty_26" fromId="115" toId="25">
</dataflow>
<dataflow id="294" from="StgValue_122" to="empty_26" fromId="122" toId="25">
</dataflow>
<dataflow id="295" from="StgValue_122" to="empty_26" fromId="122" toId="25">
</dataflow>
<dataflow id="296" from="StgValue_125" to="empty_26" fromId="125" toId="25">
</dataflow>
<dataflow id="297" from="StgValue_125" to="empty_26" fromId="125" toId="25">
</dataflow>
<dataflow id="298" from="p_str" to="empty_26" fromId="115" toId="25">
</dataflow>
<dataflow id="299" from="p_str" to="empty_26" fromId="115" toId="25">
</dataflow>
<dataflow id="300" from="_ssdm_op_SpecInterface" to="empty_27" fromId="107" toId="26">
</dataflow>
<dataflow id="301" from="U_scale" to="empty_27" fromId="86" toId="26">
</dataflow>
<dataflow id="302" from="ap_fifo_str" to="empty_27" fromId="110" toId="26">
</dataflow>
<dataflow id="303" from="StgValue_112" to="empty_27" fromId="112" toId="26">
</dataflow>
<dataflow id="304" from="StgValue_112" to="empty_27" fromId="112" toId="26">
</dataflow>
<dataflow id="305" from="p_str" to="empty_27" fromId="115" toId="26">
</dataflow>
<dataflow id="306" from="StgValue_112" to="empty_27" fromId="112" toId="26">
</dataflow>
<dataflow id="307" from="StgValue_112" to="empty_27" fromId="112" toId="26">
</dataflow>
<dataflow id="308" from="p_str" to="empty_27" fromId="115" toId="26">
</dataflow>
<dataflow id="309" from="p_str" to="empty_27" fromId="115" toId="26">
</dataflow>
<dataflow id="310" from="p_str" to="empty_27" fromId="115" toId="26">
</dataflow>
<dataflow id="311" from="StgValue_122" to="empty_27" fromId="122" toId="26">
</dataflow>
<dataflow id="312" from="StgValue_122" to="empty_27" fromId="122" toId="26">
</dataflow>
<dataflow id="313" from="StgValue_125" to="empty_27" fromId="125" toId="26">
</dataflow>
<dataflow id="314" from="StgValue_125" to="empty_27" fromId="125" toId="26">
</dataflow>
<dataflow id="315" from="p_str" to="empty_27" fromId="115" toId="26">
</dataflow>
<dataflow id="316" from="p_str" to="empty_27" fromId="115" toId="26">
</dataflow>
<dataflow id="317" from="_ssdm_op_SpecInterface" to="empty_28" fromId="107" toId="27">
</dataflow>
<dataflow id="318" from="Y_scale" to="empty_28" fromId="85" toId="27">
</dataflow>
<dataflow id="319" from="ap_fifo_str" to="empty_28" fromId="110" toId="27">
</dataflow>
<dataflow id="320" from="StgValue_112" to="empty_28" fromId="112" toId="27">
</dataflow>
<dataflow id="321" from="StgValue_112" to="empty_28" fromId="112" toId="27">
</dataflow>
<dataflow id="322" from="p_str" to="empty_28" fromId="115" toId="27">
</dataflow>
<dataflow id="323" from="StgValue_112" to="empty_28" fromId="112" toId="27">
</dataflow>
<dataflow id="324" from="StgValue_112" to="empty_28" fromId="112" toId="27">
</dataflow>
<dataflow id="325" from="p_str" to="empty_28" fromId="115" toId="27">
</dataflow>
<dataflow id="326" from="p_str" to="empty_28" fromId="115" toId="27">
</dataflow>
<dataflow id="327" from="p_str" to="empty_28" fromId="115" toId="27">
</dataflow>
<dataflow id="328" from="StgValue_122" to="empty_28" fromId="122" toId="27">
</dataflow>
<dataflow id="329" from="StgValue_122" to="empty_28" fromId="122" toId="27">
</dataflow>
<dataflow id="330" from="StgValue_125" to="empty_28" fromId="125" toId="27">
</dataflow>
<dataflow id="331" from="StgValue_125" to="empty_28" fromId="125" toId="27">
</dataflow>
<dataflow id="332" from="p_str" to="empty_28" fromId="115" toId="27">
</dataflow>
<dataflow id="333" from="p_str" to="empty_28" fromId="115" toId="27">
</dataflow>
<dataflow id="334" from="Y_scale_read" to="tmp_cast_i" fromId="8" toId="28">
</dataflow>
<dataflow id="335" from="U_scale_read" to="tmp_1_cast_i" fromId="9" toId="29">
</dataflow>
<dataflow id="336" from="V_scale_read" to="tmp_2_cast_i" fromId="10" toId="30">
</dataflow>
<dataflow id="337" from="width" to="cast" fromId="11" toId="31">
</dataflow>
<dataflow id="338" from="height" to="cast1" fromId="12" toId="32">
</dataflow>
<dataflow id="339" from="cast1" to="bound" fromId="32" toId="33">
</dataflow>
<dataflow id="340" from="cast" to="bound" fromId="31" toId="33">
</dataflow>
<dataflow id="341" from="StgValue_112" to="indvar_flatten" fromId="112" toId="35">
<condition id="52">
<or_exp><and_exp></and_exp></or_exp>
</condition>
</dataflow>
<dataflow id="342" from="StgValue_34" to="indvar_flatten" fromId="34" toId="35">
</dataflow>
<dataflow id="343" from="indvar_flatten_next" to="indvar_flatten" fromId="37" toId="35">
<BackEdge/>
<condition id="53">
<or_exp><and_exp><literal name="exitcond_flatten" val="0"/>
</and_exp></or_exp>
</condition>
</dataflow>
<dataflow id="344" from="StgValue_60" to="indvar_flatten" fromId="60" toId="35">
<BackEdge/>
</dataflow>
<dataflow id="345" from="indvar_flatten" to="exitcond_flatten" fromId="35" toId="36">
</dataflow>
<dataflow id="346" from="bound" to="exitcond_flatten" fromId="33" toId="36">
</dataflow>
<dataflow id="347" from="indvar_flatten" to="indvar_flatten_next" fromId="35" toId="37">
</dataflow>
<dataflow id="349" from="StgValue_348" to="indvar_flatten_next" fromId="348" toId="37">
</dataflow>
<dataflow id="350" from="exitcond_flatten" to="StgValue_38" fromId="36" toId="38">
</dataflow>
<dataflow id="352" from="_ssdm_op_Read.ap_fifo.volatile.i8P" to="Y" fromId="351" toId="39">
</dataflow>
<dataflow id="353" from="in_channels_ch1" to="Y" fromId="75" toId="39">
</dataflow>
<dataflow id="354" from="_ssdm_op_Read.ap_fifo.volatile.i8P" to="U" fromId="351" toId="40">
</dataflow>
<dataflow id="355" from="in_channels_ch2" to="U" fromId="76" toId="40">
</dataflow>
<dataflow id="356" from="_ssdm_op_Read.ap_fifo.volatile.i8P" to="V" fromId="351" toId="41">
</dataflow>
<dataflow id="357" from="in_channels_ch3" to="V" fromId="77" toId="41">
</dataflow>
<dataflow id="358" from="Y" to="tmp_6_cast_i" fromId="39" toId="42">
</dataflow>
<dataflow id="359" from="tmp_6_cast_i" to="tmp_7_i" fromId="42" toId="43">
</dataflow>
<dataflow id="360" from="tmp_cast_i" to="tmp_7_i" fromId="28" toId="43">
</dataflow>
<dataflow id="361" from="U" to="tmp_9_cast_i" fromId="40" toId="44">
</dataflow>
<dataflow id="362" from="tmp_9_cast_i" to="tmp_i" fromId="44" toId="45">
</dataflow>
<dataflow id="363" from="tmp_1_cast_i" to="tmp_i" fromId="29" toId="45">
</dataflow>
<dataflow id="364" from="V" to="tmp_4_cast_i" fromId="41" toId="46">
</dataflow>
<dataflow id="365" from="tmp_4_cast_i" to="tmp_8_i" fromId="46" toId="47">
</dataflow>
<dataflow id="366" from="tmp_2_cast_i" to="tmp_8_i" fromId="30" toId="47">
</dataflow>
<dataflow id="368" from="_ssdm_op_PartSelect.i8.i15.i32.i32" to="tmp_10_i" fromId="367" toId="48">
</dataflow>
<dataflow id="369" from="tmp_7_i" to="tmp_10_i" fromId="43" toId="48">
</dataflow>
<dataflow id="371" from="StgValue_370" to="tmp_10_i" fromId="370" toId="48">
</dataflow>
<dataflow id="373" from="StgValue_372" to="tmp_10_i" fromId="372" toId="48">
</dataflow>
<dataflow id="374" from="_ssdm_op_PartSelect.i8.i15.i32.i32" to="tmp_11_i" fromId="367" toId="49">
</dataflow>
<dataflow id="375" from="tmp_i" to="tmp_11_i" fromId="45" toId="49">
</dataflow>
<dataflow id="376" from="StgValue_370" to="tmp_11_i" fromId="370" toId="49">
</dataflow>
<dataflow id="377" from="StgValue_372" to="tmp_11_i" fromId="372" toId="49">
</dataflow>
<dataflow id="378" from="_ssdm_op_PartSelect.i8.i15.i32.i32" to="tmp_12_i" fromId="367" toId="50">
</dataflow>
<dataflow id="379" from="tmp_8_i" to="tmp_12_i" fromId="47" toId="50">
</dataflow>
<dataflow id="380" from="StgValue_370" to="tmp_12_i" fromId="370" toId="50">
</dataflow>
<dataflow id="381" from="StgValue_372" to="tmp_12_i" fromId="372" toId="50">
</dataflow>
<dataflow id="383" from="_ssdm_op_SpecLoopName" to="StgValue_51" fromId="382" toId="51">
</dataflow>
<dataflow id="385" from="YUV_SCALE_LOOP_X_YUV" to="StgValue_51" fromId="384" toId="51">
</dataflow>
<dataflow id="387" from="_ssdm_op_SpecLoopTripCount" to="StgValue_52" fromId="386" toId="52">
</dataflow>
<dataflow id="389" from="StgValue_388" to="StgValue_52" fromId="388" toId="52">
</dataflow>
<dataflow id="391" from="StgValue_390" to="StgValue_52" fromId="390" toId="52">
</dataflow>
<dataflow id="393" from="StgValue_392" to="StgValue_52" fromId="392" toId="52">
</dataflow>
<dataflow id="394" from="_ssdm_op_SpecLoopName" to="StgValue_53" fromId="382" toId="53">
</dataflow>
<dataflow id="396" from="p_str6" to="StgValue_53" fromId="395" toId="53">
</dataflow>
<dataflow id="398" from="_ssdm_op_SpecRegionBegin" to="tmp_14_i" fromId="397" toId="54">
</dataflow>
<dataflow id="399" from="p_str6" to="tmp_14_i" fromId="395" toId="54">
</dataflow>
<dataflow id="401" from="_ssdm_op_SpecPipeline" to="StgValue_55" fromId="400" toId="55">
</dataflow>
<dataflow id="403" from="StgValue_402" to="StgValue_55" fromId="402" toId="55">
</dataflow>
<dataflow id="404" from="StgValue_348" to="StgValue_55" fromId="348" toId="55">
</dataflow>
<dataflow id="405" from="StgValue_348" to="StgValue_55" fromId="348" toId="55">
</dataflow>
<dataflow id="406" from="StgValue_112" to="StgValue_55" fromId="112" toId="55">
</dataflow>
<dataflow id="407" from="p_str" to="StgValue_55" fromId="115" toId="55">
</dataflow>
<dataflow id="409" from="_ssdm_op_Write.ap_fifo.volatile.i8P" to="StgValue_56" fromId="408" toId="56">
</dataflow>
<dataflow id="410" from="out_channels_ch1" to="StgValue_56" fromId="80" toId="56">
</dataflow>
<dataflow id="411" from="tmp_10_i" to="StgValue_56" fromId="48" toId="56">
</dataflow>
<dataflow id="412" from="_ssdm_op_Write.ap_fifo.volatile.i8P" to="StgValue_57" fromId="408" toId="57">
</dataflow>
<dataflow id="413" from="out_channels_ch2" to="StgValue_57" fromId="81" toId="57">
</dataflow>
<dataflow id="414" from="tmp_11_i" to="StgValue_57" fromId="49" toId="57">
</dataflow>
<dataflow id="415" from="_ssdm_op_Write.ap_fifo.volatile.i8P" to="StgValue_58" fromId="408" toId="58">
</dataflow>
<dataflow id="416" from="out_channels_ch3" to="StgValue_58" fromId="82" toId="58">
</dataflow>
<dataflow id="417" from="tmp_12_i" to="StgValue_58" fromId="50" toId="58">
</dataflow>
<dataflow id="419" from="_ssdm_op_SpecRegionEnd" to="empty_29" fromId="418" toId="59">
</dataflow>
<dataflow id="420" from="p_str6" to="empty_29" fromId="395" toId="59">
</dataflow>
<dataflow id="421" from="tmp_14_i" to="empty_29" fromId="54" toId="59">
</dataflow>
<dataflow id="422" from="exitcond_flatten" to="StgValue_4" fromId="36" toId="4">
</dataflow>
<dataflow id="423" from="exitcond_flatten" to="StgValue_5" fromId="36" toId="5">
</dataflow>
<dataflow id="424" from="exitcond_flatten" to="StgValue_6" fromId="36" toId="6">
</dataflow>
<dataflow id="425" from="exitcond_flatten" to="StgValue_3" fromId="36" toId="3">
</dataflow>
</dataflows>


</stg>
