<profile>

<section name = "Vivado HLS Report for 'rgb2yuv'" level="0">
<item name = "Date">Wed Apr 19 16:04:20 2023
</item>
<item name = "Version">2017.2 (Build 1909853 on Thu Jun 15 18:55:24 MDT 2017)</item>
<item name = "Project">yuv_filter.prj</item>
<item name = "Solution">solution2</item>
<item name = "Product family">zynq</item>
<item name = "Target device">xc7z010clg400-1</item>
</section>

<section name = "Performance Estimates" level="0">
<item name = "Timing (ns)">
<section name = "" level="1">
<item name = "Summary"><table name="" hasTotal="0">
<keys size="4">Clock, Target, Estimated, Uncertainty</keys>
<column name="ap_clk">8.00, 8.77, 1.00</column>
</table>
</item>
</section>
</item>
<item name = "Latency (clock cycles)">
<section name = "" level="1">
<item name = "Summary"><table name="" hasTotal="0">
<keys size="6">, min, max, min, max, Type</keys>
<column name="">40010, 2457610, 40010, 2457610, none</column>
</table>
</item>
<item name = "Detail">
<section name = "" level="1">
<item name = "Instance"><table name="" hasTotal="0">
<keys size="7">Instance, Module, min, max, min, max, Type</keys>
</table>
</item>
<item name = "Loop"><table name="" hasTotal="0">
<keys size="8">Loop Name, min, max, Latency, achieved, target, Count, Pipelined</keys>
<column name="- RGB2YUV_LOOP_X_RGB2YUV_LOOP_Y">40008, 2457608, 10, 1, 1, 40000 ~ 2457600, yes</column>
</table>
</item>
</section>
</item>
</section>
</item>
</section>

<section name = "Utilization Estimates" level="0">
<item name = "Summary"><table name="" hasTotal="1">
<keys size="5">Name, BRAM_18K, DSP48E, FF, LUT</keys>
<column name="DSP">-, 4, -, -</column>
<column name="Expression">-, 0, 468, 572</column>
<column name="FIFO">-, -, -, -</column>
<column name="Instance">-, -, -, -</column>
<column name="Memory">-, -, -, -</column>
<column name="Multiplexer">-, -, -, 84</column>
<column name="Register">-, -, 474, 64</column>
<specialColumn name="Available">120, 80, 35200, 17600</specialColumn>
<specialColumn name="Utilization (%)">0, 5, 2, 4</specialColumn>
</table>
</item>
<item name = "Detail">
<section name = "" level="1">
<item name = "Instance"><table name="" hasTotal="1">
<keys size="6">Instance, Module, BRAM_18K, DSP48E, FF, LUT</keys>
</table>
</item>
<item name = "DSP48"><table name="" hasTotal="0">
<keys size="3">Instance, Module, Expression</keys>
<column name="yuv_filter_mac_mucud_U1">yuv_filter_mac_mucud, i0 + i1 * i2</column>
<column name="yuv_filter_mac_mudEe_U2">yuv_filter_mac_mudEe, i0 * i1 + i2</column>
<column name="yuv_filter_mac_mueOg_U3">yuv_filter_mac_mueOg, i0 + i1 * i2</column>
<column name="yuv_filter_mul_mubkb_U0">yuv_filter_mul_mubkb, i0 * i1</column>
</table>
</item>
<item name = "Memory"><table name="" hasTotal="1">
<keys size="9">Memory, Module, BRAM_18K, FF, LUT, Words, Bits, Banks, W*Bits*Banks</keys>
</table>
</item>
<item name = "FIFO"><table name="" hasTotal="1">
<keys size="7">Name, BRAM_18K, FF, LUT, Depth, Bits, Size:D*B</keys>
</table>
</item>
<item name = "Expression"><table name="" hasTotal="1">
<keys size="7">Variable Name, Operation, DSP48E, FF, LUT, Bitwidth P0, Bitwidth P1</keys>
<column name="tmp_26_fu_405_p2">*, 0, 0, 62, 8, 8</column>
<column name="tmp_30_fu_443_p2">*, 0, 0, 62, 7, 8</column>
<column name="indvar_flatten_next_fu_234_p2">+, 0, 101, 37, 32, 1</column>
<column name="out_channels_ch1_d0">+, 0, 29, 13, 5, 8</column>
<column name="tmp1_fu_377_p2">+, 0, 0, 23, 16, 16</column>
<column name="tmp2_fu_367_p2">+, 0, 50, 20, 15, 15</column>
<column name="tmp4_fu_319_p2">+, 0, 32, 14, 8, 9</column>
<column name="tmp6_fu_491_p2">+, 0, 0, 23, 8, 16</column>
<column name="tmp8_fu_476_p2">+, 0, 0, 23, 8, 14</column>
<column name="tmp_20_fu_298_p2">+, 0, 0, 23, 23, 23</column>
<column name="tmp_23_fu_389_p2">+, 0, 0, 23, 16, 16</column>
<column name="tmp_28_fu_496_p2">+, 0, 0, 23, 16, 16</column>
<column name="tmp_33_fu_514_p2">+, 0, 53, 21, 16, 16</column>
<column name="tmp_s_fu_289_p2">+, 0, 0, 23, 23, 23</column>
<column name="x_3_fu_240_p2">+, 0, 53, 21, 1, 16</column>
<column name="y_3_fu_304_p2">+, 0, 53, 21, 1, 16</column>
<column name="p_neg_fu_449_p2">-, 0, 44, 18, 1, 13</column>
<column name="tmp_27_fu_437_p2">-, 0, 53, 21, 16, 16</column>
<column name="tmp_32_fu_470_p2">-, 0, 0, 23, 14, 14</column>
<column name="exitcond9_fu_246_p2">icmp, 0, 0, 8, 16, 16</column>
<column name="exitcond_flatten_fu_229_p2">icmp, 0, 0, 16, 32, 32</column>
<column name="tmp_mid2_v_fu_259_p3">select, 0, 0, 16, 1, 16</column>
<column name="y_mid2_fu_251_p3">select, 0, 0, 16, 1, 1</column>
<column name="ap_enable_pp0">xor, 0, 0, 2, 1, 2</column>
<column name="ap_enable_reg_pp0_iter1">xor, 0, 0, 2, 1, 2</column>
<column name="out_channels_ch2_d0">xor, 0, 0, 9, 8, 9</column>
<column name="out_channels_ch3_d0">xor, 0, 0, 9, 8, 9</column>
</table>
</item>
<item name = "Multiplexer"><table name="" hasTotal="1">
<keys size="5">Name, LUT, Input Size, Bits, Total Bits</keys>
<column name="ap_NS_fsm">21, 4, 1, 4</column>
<column name="ap_enable_reg_pp0_iter1">9, 2, 1, 2</column>
<column name="ap_enable_reg_pp0_iter9">9, 2, 1, 2</column>
<column name="indvar_flatten_reg_188">9, 2, 32, 64</column>
<column name="x_phi_fu_203_p4">9, 2, 16, 32</column>
<column name="x_reg_199">9, 2, 16, 32</column>
<column name="y_phi_fu_214_p4">9, 2, 16, 32</column>
<column name="y_reg_210">9, 2, 16, 32</column>
</table>
</item>
<item name = "Register"><table name="" hasTotal="1">
<keys size="5">Name, FF, LUT, Bits, Const Bits</keys>
<column name="B_reg_673">8, 0, 8, 0</column>
<column name="G_reg_667">8, 0, 8, 0</column>
<column name="R_reg_659">8, 0, 8, 0</column>
<column name="ap_CS_fsm">3, 0, 3, 0</column>
<column name="ap_enable_reg_pp0_iter0">1, 0, 1, 0</column>
<column name="ap_enable_reg_pp0_iter1">1, 0, 1, 0</column>
<column name="ap_enable_reg_pp0_iter2">1, 0, 1, 0</column>
<column name="ap_enable_reg_pp0_iter3">1, 0, 1, 0</column>
<column name="ap_enable_reg_pp0_iter4">1, 0, 1, 0</column>
<column name="ap_enable_reg_pp0_iter5">1, 0, 1, 0</column>
<column name="ap_enable_reg_pp0_iter6">1, 0, 1, 0</column>
<column name="ap_enable_reg_pp0_iter7">1, 0, 1, 0</column>
<column name="ap_enable_reg_pp0_iter8">1, 0, 1, 0</column>
<column name="ap_enable_reg_pp0_iter9">1, 0, 1, 0</column>
<column name="ap_reg_pp0_iter6_R_reg_659">8, 0, 8, 0</column>
<column name="bound_reg_592">32, 0, 32, 0</column>
<column name="exitcond_flatten_reg_597">1, 0, 1, 0</column>
<column name="indvar_flatten_reg_188">32, 0, 32, 0</column>
<column name="tmp4_reg_681">9, 0, 9, 0</column>
<column name="tmp8_reg_711">13, 0, 14, 1</column>
<column name="tmp_20_reg_627">23, 0, 23, 0</column>
<column name="tmp_21_reg_622">15, 0, 15, 0</column>
<column name="tmp_24_reg_691">8, 0, 8, 0</column>
<column name="tmp_26_reg_696">16, 0, 16, 0</column>
<column name="tmp_27_reg_701">12, 0, 16, 4</column>
<column name="tmp_29_reg_726">8, 0, 8, 0</column>
<column name="tmp_30_reg_706">16, 0, 16, 0</column>
<column name="tmp_34_reg_731">8, 0, 8, 0</column>
<column name="tmp_42_cast1_reg_686">8, 0, 16, 8</column>
<column name="tmp_42_cast_reg_637">23, 0, 32, 9</column>
<column name="tmp_mid2_v_reg_612">16, 0, 16, 0</column>
<column name="tmp_reg_617">13, 0, 13, 0</column>
<column name="x_reg_199">16, 0, 16, 0</column>
<column name="y_mid2_reg_606">16, 0, 16, 0</column>
<column name="y_reg_210">16, 0, 16, 0</column>
<column name="exitcond_flatten_reg_597">64, 32, 1, 0</column>
<column name="tmp_42_cast_reg_637">64, 32, 32, 9</column>
</table>
</item>
</section>
</item>
</section>

<section name = "Interface" level="0">
<item name = "Summary"><table name="" hasTotal="0">
<keys size="6">RTL Ports, Dir, Bits, Protocol, Source Object, C Type</keys>
<column name="ap_clk">in, 1, ap_ctrl_hs, rgb2yuv, return value</column>
<column name="ap_rst">in, 1, ap_ctrl_hs, rgb2yuv, return value</column>
<column name="ap_start">in, 1, ap_ctrl_hs, rgb2yuv, return value</column>
<column name="ap_done">out, 1, ap_ctrl_hs, rgb2yuv, return value</column>
<column name="ap_idle">out, 1, ap_ctrl_hs, rgb2yuv, return value</column>
<column name="ap_ready">out, 1, ap_ctrl_hs, rgb2yuv, return value</column>
<column name="ap_return_0">out, 16, ap_ctrl_hs, rgb2yuv, return value</column>
<column name="ap_return_1">out, 16, ap_ctrl_hs, rgb2yuv, return value</column>
<column name="in_channels_ch1_address0">out, 22, ap_memory, in_channels_ch1, array</column>
<column name="in_channels_ch1_ce0">out, 1, ap_memory, in_channels_ch1, array</column>
<column name="in_channels_ch1_q0">in, 8, ap_memory, in_channels_ch1, array</column>
<column name="in_channels_ch2_address0">out, 22, ap_memory, in_channels_ch2, array</column>
<column name="in_channels_ch2_ce0">out, 1, ap_memory, in_channels_ch2, array</column>
<column name="in_channels_ch2_q0">in, 8, ap_memory, in_channels_ch2, array</column>
<column name="in_channels_ch3_address0">out, 22, ap_memory, in_channels_ch3, array</column>
<column name="in_channels_ch3_ce0">out, 1, ap_memory, in_channels_ch3, array</column>
<column name="in_channels_ch3_q0">in, 8, ap_memory, in_channels_ch3, array</column>
<column name="in_width_read">in, 16, ap_none, in_width_read, scalar</column>
<column name="in_height_read">in, 16, ap_none, in_height_read, scalar</column>
<column name="out_channels_ch1_address0">out, 22, ap_memory, out_channels_ch1, array</column>
<column name="out_channels_ch1_ce0">out, 1, ap_memory, out_channels_ch1, array</column>
<column name="out_channels_ch1_we0">out, 1, ap_memory, out_channels_ch1, array</column>
<column name="out_channels_ch1_d0">out, 8, ap_memory, out_channels_ch1, array</column>
<column name="out_channels_ch2_address0">out, 22, ap_memory, out_channels_ch2, array</column>
<column name="out_channels_ch2_ce0">out, 1, ap_memory, out_channels_ch2, array</column>
<column name="out_channels_ch2_we0">out, 1, ap_memory, out_channels_ch2, array</column>
<column name="out_channels_ch2_d0">out, 8, ap_memory, out_channels_ch2, array</column>
<column name="out_channels_ch3_address0">out, 22, ap_memory, out_channels_ch3, array</column>
<column name="out_channels_ch3_ce0">out, 1, ap_memory, out_channels_ch3, array</column>
<column name="out_channels_ch3_we0">out, 1, ap_memory, out_channels_ch3, array</column>
<column name="out_channels_ch3_d0">out, 8, ap_memory, out_channels_ch3, array</column>
</table>
</item>
</section>
</profile>
