<stg><name>yuv2rgb</name>


<trans_list>

<trans id="119" from="1" to="2">
<condition id="35">
<or_exp><and_exp></and_exp></or_exp>
</condition>
</trans>

<trans id="144" from="2" to="13">
<condition id="51">
<or_exp><and_exp><literal name="exitcond_flatten" val="1"/>
</and_exp></or_exp>
</condition>
</trans>

<trans id="145" from="2" to="3">
<condition id="62">
<or_exp><and_exp><literal name="exitcond_flatten" val="0"/>
</and_exp></or_exp>
</condition>
</trans>

<trans id="134" from="3" to="4">
<condition id="52">
<or_exp><and_exp></and_exp></or_exp>
</condition>
</trans>

<trans id="135" from="4" to="5">
<condition id="53">
<or_exp><and_exp></and_exp></or_exp>
</condition>
</trans>

<trans id="136" from="5" to="6">
<condition id="54">
<or_exp><and_exp></and_exp></or_exp>
</condition>
</trans>

<trans id="137" from="6" to="7">
<condition id="55">
<or_exp><and_exp></and_exp></or_exp>
</condition>
</trans>

<trans id="138" from="7" to="8">
<condition id="56">
<or_exp><and_exp></and_exp></or_exp>
</condition>
</trans>

<trans id="139" from="8" to="9">
<condition id="57">
<or_exp><and_exp></and_exp></or_exp>
</condition>
</trans>

<trans id="140" from="9" to="10">
<condition id="58">
<or_exp><and_exp></and_exp></or_exp>
</condition>
</trans>

<trans id="141" from="10" to="11">
<condition id="59">
<or_exp><and_exp></and_exp></or_exp>
</condition>
</trans>

<trans id="142" from="11" to="12">
<condition id="60">
<or_exp><and_exp></and_exp></or_exp>
</condition>
</trans>

<trans id="143" from="12" to="2">
<condition id="61">
<or_exp><and_exp></and_exp></or_exp>
</condition>
</trans>
</trans_list>



<state_list>

<state id="1" st_id="1">

<operation id="14" st_id="1" stage="1" lat="1">
<core>NULL</core>
<MemPortIdVec></MemPortIdVec>
<condition id="32">
<or_exp><and_exp></and_exp></or_exp>
</condition>

<Node id="9" bw="16" op_0_bw="16" op_1_bw="16">
<![CDATA[
:0  %in_height_read_2 = call i16 @_ssdm_op_Read.ap_auto.i16(i16 %in_height_read)

]]></Node>
<StgValue><ssdm name="in_height_read_2"/></StgValue>
</operation>

<operation id="15" st_id="1" stage="1" lat="1">
<core>NULL</core>
<MemPortIdVec></MemPortIdVec>
<condition id="32">
<or_exp><and_exp></and_exp></or_exp>
</condition>

<Node id="10" bw="16" op_0_bw="16" op_1_bw="16">
<![CDATA[
:1  %in_width_read_2 = call i16 @_ssdm_op_Read.ap_auto.i16(i16 %in_width_read)

]]></Node>
<StgValue><ssdm name="in_width_read_2"/></StgValue>
</operation>

<operation id="16" st_id="1" stage="1" lat="1">
<core>NULL</core>
<MemPortIdVec></MemPortIdVec>
<condition id="32">
<or_exp><and_exp></and_exp></or_exp>
</condition>

<Node id="11" bw="32" op_0_bw="16">
<![CDATA[
:2  %cast = zext i16 %in_width_read_2 to i32

]]></Node>
<StgValue><ssdm name="cast"/></StgValue>
</operation>

<operation id="17" st_id="1" stage="1" lat="1">
<core>NULL</core>
<MemPortIdVec></MemPortIdVec>
<condition id="32">
<or_exp><and_exp></and_exp></or_exp>
</condition>

<Node id="12" bw="32" op_0_bw="16">
<![CDATA[
:3  %cast1 = zext i16 %in_height_read_2 to i32

]]></Node>
<StgValue><ssdm name="cast1"/></StgValue>
</operation>

<operation id="18" st_id="1" stage="1" lat="1">
<core>DSP48</core>
<MemPortIdVec></MemPortIdVec>
<condition id="32">
<or_exp><and_exp></and_exp></or_exp>
</condition>

<Node id="13" bw="32" op_0_bw="32" op_1_bw="32">
<![CDATA[
:4  %bound = mul i32 %cast1, %cast

]]></Node>
<StgValue><ssdm name="bound"/></StgValue>
</operation>

<operation id="19" st_id="1" stage="1" lat="1">
<core>NULL</core>
<MemPortIdVec></MemPortIdVec>
<condition id="32">
<or_exp><and_exp></and_exp></or_exp>
</condition>

<Node id="14" bw="0" op_0_bw="0">
<![CDATA[
:5  br label %1

]]></Node>
<StgValue><ssdm name=""/></StgValue>
</operation>
</state>

<state id="2" st_id="2">

<operation id="20" st_id="2" stage="1" lat="1">
<core>NULL</core>
<MemPortIdVec></MemPortIdVec>
<condition id="-1">
<or_exp><and_exp></and_exp></or_exp>
</condition>

<Node id="16" bw="32" op_0_bw="32" op_1_bw="0">
<![CDATA[
:0  %indvar_flatten = phi i32 [ 0, %0 ], [ %indvar_flatten_next, %.reset ]

]]></Node>
<StgValue><ssdm name="indvar_flatten"/></StgValue>
</operation>

<operation id="21" st_id="2" stage="1" lat="1">
<core>NULL</core>
<MemPortIdVec></MemPortIdVec>
<condition id="-1">
<or_exp><and_exp></and_exp></or_exp>
</condition>

<Node id="17" bw="16" op_0_bw="16" op_1_bw="0">
<![CDATA[
:1  %x = phi i16 [ 0, %0 ], [ %tmp_mid2_v, %.reset ]

]]></Node>
<StgValue><ssdm name="x"/></StgValue>
</operation>

<operation id="22" st_id="2" stage="1" lat="1">
<core>NULL</core>
<MemPortIdVec></MemPortIdVec>
<condition id="-1">
<or_exp><and_exp></and_exp></or_exp>
</condition>

<Node id="18" bw="16" op_0_bw="16" op_1_bw="0">
<![CDATA[
:2  %y = phi i16 [ 0, %0 ], [ %y_2, %.reset ]

]]></Node>
<StgValue><ssdm name="y"/></StgValue>
</operation>

<operation id="23" st_id="2" stage="1" lat="1">
<core>Cmp</core>
<MemPortIdVec></MemPortIdVec>
<condition id="-1">
<or_exp><and_exp></and_exp></or_exp>
</condition>

<Node id="19" bw="1" op_0_bw="32" op_1_bw="32">
<![CDATA[
:3  %exitcond_flatten = icmp eq i32 %indvar_flatten, %bound

]]></Node>
<StgValue><ssdm name="exitcond_flatten"/></StgValue>
</operation>

<operation id="24" st_id="2" stage="1" lat="1">
<core>AddSub</core>
<MemPortIdVec></MemPortIdVec>
<condition id="-1">
<or_exp><and_exp></and_exp></or_exp>
</condition>

<Node id="20" bw="32" op_0_bw="32" op_1_bw="32">
<![CDATA[
:4  %indvar_flatten_next = add i32 %indvar_flatten, 1

]]></Node>
<StgValue><ssdm name="indvar_flatten_next"/></StgValue>
</operation>

<operation id="25" st_id="2" stage="1" lat="1">
<core>NULL</core>
<MemPortIdVec></MemPortIdVec>
<condition id="-1">
<or_exp><and_exp></and_exp></or_exp>
</condition>

<Node id="21" bw="0" op_0_bw="1" op_1_bw="0" op_2_bw="0">
<![CDATA[
:5  br i1 %exitcond_flatten, label %2, label %.reset

]]></Node>
<StgValue><ssdm name=""/></StgValue>
</operation>

<operation id="26" st_id="2" stage="1" lat="1">
<core>AddSub</core>
<MemPortIdVec></MemPortIdVec>
<condition id="0">
<or_exp><and_exp><literal name="exitcond_flatten" val="0"/>
</and_exp></or_exp>
</condition>

<Node id="23" bw="16" op_0_bw="16" op_1_bw="16">
<![CDATA[
.reset:0  %x_2 = add i16 1, %x

]]></Node>
<StgValue><ssdm name="x_2"/></StgValue>
</operation>

<operation id="27" st_id="2" stage="1" lat="1">
<core>Cmp</core>
<MemPortIdVec></MemPortIdVec>
<condition id="0">
<or_exp><and_exp><literal name="exitcond_flatten" val="0"/>
</and_exp></or_exp>
</condition>

<Node id="26" bw="1" op_0_bw="16" op_1_bw="16">
<![CDATA[
.reset:3  %exitcond5 = icmp eq i16 %y, %in_height_read_2

]]></Node>
<StgValue><ssdm name="exitcond5"/></StgValue>
</operation>

<operation id="28" st_id="2" stage="1" lat="1">
<core>Sel</core>
<MemPortIdVec></MemPortIdVec>
<condition id="0">
<or_exp><and_exp><literal name="exitcond_flatten" val="0"/>
</and_exp></or_exp>
</condition>

<Node id="27" bw="16" op_0_bw="1" op_1_bw="16" op_2_bw="16">
<![CDATA[
.reset:4  %y_mid2 = select i1 %exitcond5, i16 0, i16 %y

]]></Node>
<StgValue><ssdm name="y_mid2"/></StgValue>
</operation>

<operation id="29" st_id="2" stage="1" lat="1">
<core>Sel</core>
<MemPortIdVec></MemPortIdVec>
<condition id="0">
<or_exp><and_exp><literal name="exitcond_flatten" val="0"/>
</and_exp></or_exp>
</condition>

<Node id="28" bw="16" op_0_bw="1" op_1_bw="16" op_2_bw="16">
<![CDATA[
.reset:5  %tmp_mid2_v = select i1 %exitcond5, i16 %x_2, i16 %x

]]></Node>
<StgValue><ssdm name="tmp_mid2_v"/></StgValue>
</operation>

<operation id="30" st_id="2" stage="1" lat="1">
<core>NULL</core>
<MemPortIdVec></MemPortIdVec>
<condition id="0">
<or_exp><and_exp><literal name="exitcond_flatten" val="0"/>
</and_exp></or_exp>
</condition>

<Node id="29" bw="13" op_0_bw="16">
<![CDATA[
.reset:6  %tmp = trunc i16 %tmp_mid2_v to i13

]]></Node>
<StgValue><ssdm name="tmp"/></StgValue>
</operation>

<operation id="31" st_id="2" stage="1" lat="1">
<core>NULL</core>
<MemPortIdVec></MemPortIdVec>
<condition id="0">
<or_exp><and_exp><literal name="exitcond_flatten" val="0"/>
</and_exp></or_exp>
</condition>

<Node id="31" bw="15" op_0_bw="16">
<![CDATA[
.reset:8  %tmp_2 = trunc i16 %tmp_mid2_v to i15

]]></Node>
<StgValue><ssdm name="tmp_2"/></StgValue>
</operation>
</state>

<state id="3" st_id="3">

<operation id="32" st_id="3" stage="1" lat="1">
<core>NULL</core>
<MemPortIdVec></MemPortIdVec>
<condition id="0">
<or_exp><and_exp><literal name="exitcond_flatten" val="0"/>
</and_exp></or_exp>
</condition>

<Node id="30" bw="23" op_0_bw="23" op_1_bw="13" op_2_bw="10">
<![CDATA[
.reset:7  %p_shl2_cast = call i23 @_ssdm_op_BitConcatenate.i23.i13.i10(i13 %tmp, i10 0)

]]></Node>
<StgValue><ssdm name="p_shl2_cast"/></StgValue>
</operation>

<operation id="33" st_id="3" stage="1" lat="1">
<core>NULL</core>
<MemPortIdVec></MemPortIdVec>
<condition id="0">
<or_exp><and_exp><literal name="exitcond_flatten" val="0"/>
</and_exp></or_exp>
</condition>

<Node id="32" bw="23" op_0_bw="23" op_1_bw="15" op_2_bw="8">
<![CDATA[
.reset:9  %p_shl3_cast = call i23 @_ssdm_op_BitConcatenate.i23.i15.i8(i15 %tmp_2, i8 0)

]]></Node>
<StgValue><ssdm name="p_shl3_cast"/></StgValue>
</operation>

<operation id="34" st_id="3" stage="1" lat="1">
<core>TAddSub</core>
<MemPortIdVec></MemPortIdVec>
<condition id="0">
<or_exp><and_exp><literal name="exitcond_flatten" val="0"/>
</and_exp></or_exp>
</condition>

<Node id="33" bw="23" op_0_bw="23" op_1_bw="23">
<![CDATA[
.reset:10  %tmp_s = add i23 %p_shl3_cast, %p_shl2_cast

]]></Node>
<StgValue><ssdm name="tmp_s"/></StgValue>
</operation>

<operation id="35" st_id="3" stage="1" lat="1">
<core>NULL</core>
<MemPortIdVec></MemPortIdVec>
<condition id="0">
<or_exp><and_exp><literal name="exitcond_flatten" val="0"/>
</and_exp></or_exp>
</condition>

<Node id="37" bw="23" op_0_bw="16">
<![CDATA[
.reset:14  %tmp_cast = zext i16 %y_mid2 to i23

]]></Node>
<StgValue><ssdm name="tmp_cast"/></StgValue>
</operation>

<operation id="36" st_id="3" stage="1" lat="1">
<core>TAddSub</core>
<MemPortIdVec></MemPortIdVec>
<condition id="0">
<or_exp><and_exp><literal name="exitcond_flatten" val="0"/>
</and_exp></or_exp>
</condition>

<Node id="38" bw="23" op_0_bw="23" op_1_bw="23">
<![CDATA[
.reset:15  %tmp_8 = add i23 %tmp_s, %tmp_cast

]]></Node>
<StgValue><ssdm name="tmp_8"/></StgValue>
</operation>

<operation id="37" st_id="3" stage="1" lat="1">
<core>AddSub</core>
<MemPortIdVec></MemPortIdVec>
<condition id="0">
<or_exp><and_exp><literal name="exitcond_flatten" val="0"/>
</and_exp></or_exp>
</condition>

<Node id="99" bw="16" op_0_bw="16" op_1_bw="16">
<![CDATA[
.reset:76  %y_2 = add i16 1, %y_mid2

]]></Node>
<StgValue><ssdm name="y_2"/></StgValue>
</operation>
</state>

<state id="4" st_id="4">

<operation id="38" st_id="4" stage="1" lat="1">
<core>NULL</core>
<MemPortIdVec></MemPortIdVec>
<condition id="0">
<or_exp><and_exp><literal name="exitcond_flatten" val="0"/>
</and_exp></or_exp>
</condition>

<Node id="39" bw="32" op_0_bw="23">
<![CDATA[
.reset:16  %tmp_28_cast = zext i23 %tmp_8 to i32

]]></Node>
<StgValue><ssdm name="tmp_28_cast"/></StgValue>
</operation>

<operation id="39" st_id="4" stage="1" lat="1">
<core>NULL</core>
<MemPortIdVec></MemPortIdVec>
<condition id="0">
<or_exp><and_exp><literal name="exitcond_flatten" val="0"/>
</and_exp></or_exp>
</condition>

<Node id="42" bw="22" op_0_bw="8" op_1_bw="32" op_2_bw="32">
<![CDATA[
.reset:19  %in_channels_ch3_addr = getelementptr [2457600 x i8]* %in_channels_ch3, i32 0, i32 %tmp_28_cast

]]></Node>
<StgValue><ssdm name="in_channels_ch3_addr"/></StgValue>
</operation>

<operation id="40" st_id="4" stage="4" lat="4">
<core>RAM</core>
<MemPortIdVec>0 </MemPortIdVec>
<condition id="0">
<or_exp><and_exp><literal name="exitcond_flatten" val="0"/>
</and_exp></or_exp>
</condition>

<Node id="48" bw="8" op_0_bw="22">
<![CDATA[
.reset:25  %V = load i8* %in_channels_ch3_addr, align 1

]]></Node>
<StgValue><ssdm name="V"/></StgValue>
</operation>
</state>

<state id="5" st_id="5">

<operation id="41" st_id="5" stage="1" lat="1">
<core>NULL</core>
<MemPortIdVec></MemPortIdVec>
<condition id="0">
<or_exp><and_exp><literal name="exitcond_flatten" val="0"/>
</and_exp></or_exp>
</condition>

<Node id="40" bw="22" op_0_bw="8" op_1_bw="32" op_2_bw="32">
<![CDATA[
.reset:17  %in_channels_ch1_addr = getelementptr [2457600 x i8]* %in_channels_ch1, i32 0, i32 %tmp_28_cast

]]></Node>
<StgValue><ssdm name="in_channels_ch1_addr"/></StgValue>
</operation>

<operation id="42" st_id="5" stage="1" lat="1">
<core>NULL</core>
<MemPortIdVec></MemPortIdVec>
<condition id="0">
<or_exp><and_exp><literal name="exitcond_flatten" val="0"/>
</and_exp></or_exp>
</condition>

<Node id="41" bw="22" op_0_bw="8" op_1_bw="32" op_2_bw="32">
<![CDATA[
.reset:18  %in_channels_ch2_addr = getelementptr [2457600 x i8]* %in_channels_ch2, i32 0, i32 %tmp_28_cast

]]></Node>
<StgValue><ssdm name="in_channels_ch2_addr"/></StgValue>
</operation>

<operation id="43" st_id="5" stage="4" lat="4">
<core>RAM</core>
<MemPortIdVec>0 </MemPortIdVec>
<condition id="0">
<or_exp><and_exp><literal name="exitcond_flatten" val="0"/>
</and_exp></or_exp>
</condition>

<Node id="46" bw="8" op_0_bw="22">
<![CDATA[
.reset:23  %Y = load i8* %in_channels_ch1_addr, align 1

]]></Node>
<StgValue><ssdm name="Y"/></StgValue>
</operation>

<operation id="44" st_id="5" stage="4" lat="4">
<core>RAM</core>
<MemPortIdVec>0 </MemPortIdVec>
<condition id="0">
<or_exp><and_exp><literal name="exitcond_flatten" val="0"/>
</and_exp></or_exp>
</condition>

<Node id="47" bw="8" op_0_bw="22">
<![CDATA[
.reset:24  %U = load i8* %in_channels_ch2_addr, align 1

]]></Node>
<StgValue><ssdm name="U"/></StgValue>
</operation>

<operation id="45" st_id="5" stage="3" lat="4">
<core>RAM</core>
<MemPortIdVec>0 </MemPortIdVec>
<condition id="0">
<or_exp><and_exp><literal name="exitcond_flatten" val="0"/>
</and_exp></or_exp>
</condition>

<Node id="48" bw="8" op_0_bw="22">
<![CDATA[
.reset:25  %V = load i8* %in_channels_ch3_addr, align 1

]]></Node>
<StgValue><ssdm name="V"/></StgValue>
</operation>
</state>

<state id="6" st_id="6">

<operation id="46" st_id="6" stage="3" lat="4">
<core>RAM</core>
<MemPortIdVec>0 </MemPortIdVec>
<condition id="0">
<or_exp><and_exp><literal name="exitcond_flatten" val="0"/>
</and_exp></or_exp>
</condition>

<Node id="46" bw="8" op_0_bw="22">
<![CDATA[
.reset:23  %Y = load i8* %in_channels_ch1_addr, align 1

]]></Node>
<StgValue><ssdm name="Y"/></StgValue>
</operation>

<operation id="47" st_id="6" stage="3" lat="4">
<core>RAM</core>
<MemPortIdVec>0 </MemPortIdVec>
<condition id="0">
<or_exp><and_exp><literal name="exitcond_flatten" val="0"/>
</and_exp></or_exp>
</condition>

<Node id="47" bw="8" op_0_bw="22">
<![CDATA[
.reset:24  %U = load i8* %in_channels_ch2_addr, align 1

]]></Node>
<StgValue><ssdm name="U"/></StgValue>
</operation>

<operation id="48" st_id="6" stage="2" lat="4">
<core>RAM</core>
<MemPortIdVec>0 </MemPortIdVec>
<condition id="0">
<or_exp><and_exp><literal name="exitcond_flatten" val="0"/>
</and_exp></or_exp>
</condition>

<Node id="48" bw="8" op_0_bw="22">
<![CDATA[
.reset:25  %V = load i8* %in_channels_ch3_addr, align 1

]]></Node>
<StgValue><ssdm name="V"/></StgValue>
</operation>
</state>

<state id="7" st_id="7">

<operation id="49" st_id="7" stage="2" lat="4">
<core>RAM</core>
<MemPortIdVec>0 </MemPortIdVec>
<condition id="0">
<or_exp><and_exp><literal name="exitcond_flatten" val="0"/>
</and_exp></or_exp>
</condition>

<Node id="46" bw="8" op_0_bw="22">
<![CDATA[
.reset:23  %Y = load i8* %in_channels_ch1_addr, align 1

]]></Node>
<StgValue><ssdm name="Y"/></StgValue>
</operation>

<operation id="50" st_id="7" stage="2" lat="4">
<core>RAM</core>
<MemPortIdVec>0 </MemPortIdVec>
<condition id="0">
<or_exp><and_exp><literal name="exitcond_flatten" val="0"/>
</and_exp></or_exp>
</condition>

<Node id="47" bw="8" op_0_bw="22">
<![CDATA[
.reset:24  %U = load i8* %in_channels_ch2_addr, align 1

]]></Node>
<StgValue><ssdm name="U"/></StgValue>
</operation>

<operation id="51" st_id="7" stage="1" lat="4">
<core>RAM</core>
<MemPortIdVec>0 </MemPortIdVec>
<condition id="0">
<or_exp><and_exp><literal name="exitcond_flatten" val="0"/>
</and_exp></or_exp>
</condition>

<Node id="48" bw="8" op_0_bw="22">
<![CDATA[
.reset:25  %V = load i8* %in_channels_ch3_addr, align 1

]]></Node>
<StgValue><ssdm name="V"/></StgValue>
</operation>

<operation id="52" st_id="7" stage="1" lat="1">
<core>LogicGate</core>
<MemPortIdVec></MemPortIdVec>
<condition id="0">
<or_exp><and_exp><literal name="exitcond_flatten" val="0"/>
</and_exp></or_exp>
</condition>

<Node id="52" bw="8" op_0_bw="8" op_1_bw="8">
<![CDATA[
.reset:29  %E = xor i8 %V, -128

]]></Node>
<StgValue><ssdm name="E"/></StgValue>
</operation>
</state>

<state id="8" st_id="8">

<operation id="53" st_id="8" stage="1" lat="4">
<core>RAM</core>
<MemPortIdVec>0 </MemPortIdVec>
<condition id="0">
<or_exp><and_exp><literal name="exitcond_flatten" val="0"/>
</and_exp></or_exp>
</condition>

<Node id="46" bw="8" op_0_bw="22">
<![CDATA[
.reset:23  %Y = load i8* %in_channels_ch1_addr, align 1

]]></Node>
<StgValue><ssdm name="Y"/></StgValue>
</operation>

<operation id="54" st_id="8" stage="1" lat="4">
<core>RAM</core>
<MemPortIdVec>0 </MemPortIdVec>
<condition id="0">
<or_exp><and_exp><literal name="exitcond_flatten" val="0"/>
</and_exp></or_exp>
</condition>

<Node id="47" bw="8" op_0_bw="22">
<![CDATA[
.reset:24  %U = load i8* %in_channels_ch2_addr, align 1

]]></Node>
<StgValue><ssdm name="U"/></StgValue>
</operation>

<operation id="55" st_id="8" stage="1" lat="1">
<core>LogicGate</core>
<MemPortIdVec></MemPortIdVec>
<condition id="0">
<or_exp><and_exp><literal name="exitcond_flatten" val="0"/>
</and_exp></or_exp>
</condition>

<Node id="51" bw="8" op_0_bw="8" op_1_bw="8">
<![CDATA[
.reset:28  %D = xor i8 %U, -128

]]></Node>
<StgValue><ssdm name="D"/></StgValue>
</operation>

<operation id="56" st_id="8" stage="1" lat="1">
<core>NULL</core>
<MemPortIdVec></MemPortIdVec>
<condition id="0">
<or_exp><and_exp><literal name="exitcond_flatten" val="0"/>
</and_exp></or_exp>
</condition>

<Node id="55" bw="17" op_0_bw="8">
<![CDATA[
.reset:32  %tmp_18_cast5 = sext i8 %E to i17

]]></Node>
<StgValue><ssdm name="tmp_18_cast5"/></StgValue>
</operation>

<operation id="57" st_id="8" stage="1" lat="1">
<core>Mul</core>
<MemPortIdVec></MemPortIdVec>
<condition id="0">
<or_exp><and_exp><literal name="exitcond_flatten" val="0"/>
</and_exp></or_exp>
</condition>

<Node id="70" bw="17" op_0_bw="17" op_1_bw="17">
<![CDATA[
.reset:47  %tmp_14 = mul i17 -208, %tmp_18_cast5

]]></Node>
<StgValue><ssdm name="tmp_14"/></StgValue>
</operation>
</state>

<state id="9" st_id="9">

<operation id="58" st_id="9" stage="1" lat="1">
<core>NULL</core>
<MemPortIdVec></MemPortIdVec>
<condition id="0">
<or_exp><and_exp><literal name="exitcond_flatten" val="0"/>
</and_exp></or_exp>
</condition>

<Node id="49" bw="9" op_0_bw="8">
<![CDATA[
.reset:26  %tmp_13_cast = zext i8 %Y to i9

]]></Node>
<StgValue><ssdm name="tmp_13_cast"/></StgValue>
</operation>

<operation id="59" st_id="9" stage="1" lat="1">
<core>DSP48</core>
<MemPortIdVec></MemPortIdVec>
<condition id="0">
<or_exp><and_exp><literal name="exitcond_flatten" val="0"/>
</and_exp></or_exp>
</condition>

<Node id="50" bw="9" op_0_bw="9" op_1_bw="9">
<![CDATA[
.reset:27  %C = add i9 -16, %tmp_13_cast

]]></Node>
<StgValue><ssdm name="C"/></StgValue>
</operation>

<operation id="60" st_id="9" stage="1" lat="1">
<core>NULL</core>
<MemPortIdVec></MemPortIdVec>
<condition id="0">
<or_exp><and_exp><literal name="exitcond_flatten" val="0"/>
</and_exp></or_exp>
</condition>

<Node id="53" bw="18" op_0_bw="9">
<![CDATA[
.reset:30  %tmp_16_cast = sext i9 %C to i18

]]></Node>
<StgValue><ssdm name="tmp_16_cast"/></StgValue>
</operation>

<operation id="61" st_id="9" stage="1" lat="1">
<core>DSP48</core>
<MemPortIdVec></MemPortIdVec>
<condition id="0">
<or_exp><and_exp><literal name="exitcond_flatten" val="0"/>
</and_exp></or_exp>
</condition>

<Node id="54" bw="18" op_0_bw="18" op_1_bw="18">
<![CDATA[
.reset:31  %tmp_4 = mul i18 298, %tmp_16_cast

]]></Node>
<StgValue><ssdm name="tmp_4"/></StgValue>
</operation>

<operation id="62" st_id="9" stage="1" lat="1">
<core>DSP48</core>
<MemPortIdVec></MemPortIdVec>
<condition id="0">
<or_exp><and_exp><literal name="exitcond_flatten" val="0"/>
</and_exp></or_exp>
</condition>

<Node id="58" bw="18" op_0_bw="18" op_1_bw="18">
<![CDATA[
.reset:35  %tmp_10 = add i18 128, %tmp_4

]]></Node>
<StgValue><ssdm name="tmp_10"/></StgValue>
</operation>

<operation id="63" st_id="9" stage="1" lat="1">
<core>NULL</core>
<MemPortIdVec></MemPortIdVec>
<condition id="0">
<or_exp><and_exp><literal name="exitcond_flatten" val="0"/>
</and_exp></or_exp>
</condition>

<Node id="67" bw="16" op_0_bw="8">
<![CDATA[
.reset:44  %tmp_26_cast4_cast = sext i8 %D to i16

]]></Node>
<StgValue><ssdm name="tmp_26_cast4_cast"/></StgValue>
</operation>

<operation id="64" st_id="9" stage="1" lat="1">
<core>DSP48</core>
<MemPortIdVec></MemPortIdVec>
<condition id="0">
<or_exp><and_exp><literal name="exitcond_flatten" val="0"/>
</and_exp></or_exp>
</condition>

<Node id="68" bw="16" op_0_bw="16" op_1_bw="16">
<![CDATA[
.reset:45  %tmp_13 = mul i16 -100, %tmp_26_cast4_cast

]]></Node>
<StgValue><ssdm name="tmp_13"/></StgValue>
</operation>

<operation id="65" st_id="9" stage="1" lat="1">
<core>NULL</core>
<MemPortIdVec></MemPortIdVec>
<condition id="0">
<or_exp><and_exp><literal name="exitcond_flatten" val="0"/>
</and_exp></or_exp>
</condition>

<Node id="69" bw="17" op_0_bw="16">
<![CDATA[
.reset:46  %tmp_14_cast = sext i16 %tmp_13 to i17

]]></Node>
<StgValue><ssdm name="tmp_14_cast"/></StgValue>
</operation>

<operation id="66" st_id="9" stage="1" lat="1">
<core>DSP48</core>
<MemPortIdVec></MemPortIdVec>
<condition id="0">
<or_exp><and_exp><literal name="exitcond_flatten" val="0"/>
</and_exp></or_exp>
</condition>

<Node id="71" bw="17" op_0_bw="17" op_1_bw="17">
<![CDATA[
.reset:48  %tmp1 = add i17 %tmp_14, %tmp_14_cast

]]></Node>
<StgValue><ssdm name="tmp1"/></StgValue>
</operation>

<operation id="67" st_id="9" stage="1" lat="1">
<core>NULL</core>
<MemPortIdVec></MemPortIdVec>
<condition id="0">
<or_exp><and_exp><literal name="exitcond_flatten" val="0"/>
</and_exp></or_exp>
</condition>

<Node id="83" bw="10" op_0_bw="10" op_1_bw="8" op_2_bw="2">
<![CDATA[
.reset:60  %p_shl1 = call i10 @_ssdm_op_BitConcatenate.i10.i8.i2(i8 %D, i2 0)

]]></Node>
<StgValue><ssdm name="p_shl1"/></StgValue>
</operation>

<operation id="68" st_id="9" stage="1" lat="1">
<core>NULL</core>
<MemPortIdVec></MemPortIdVec>
<condition id="0">
<or_exp><and_exp><literal name="exitcond_flatten" val="0"/>
</and_exp></or_exp>
</condition>

<Node id="84" bw="18" op_0_bw="10">
<![CDATA[
.reset:61  %p_shl1_cast = sext i10 %p_shl1 to i18

]]></Node>
<StgValue><ssdm name="p_shl1_cast"/></StgValue>
</operation>

<operation id="69" st_id="9" stage="1" lat="1">
<core>AddSub</core>
<MemPortIdVec></MemPortIdVec>
<condition id="0">
<or_exp><and_exp><literal name="exitcond_flatten" val="0"/>
</and_exp></or_exp>
</condition>

<Node id="85" bw="18" op_0_bw="18" op_1_bw="18">
<![CDATA[
.reset:62  %tmp2 = add i18 %tmp_10, %p_shl1_cast

]]></Node>
<StgValue><ssdm name="tmp2"/></StgValue>
</operation>
</state>

<state id="10" st_id="10">

<operation id="70" st_id="10" stage="1" lat="1">
<core>NULL</core>
<MemPortIdVec></MemPortIdVec>
<condition id="0">
<or_exp><and_exp><literal name="exitcond_flatten" val="0"/>
</and_exp></or_exp>
</condition>

<Node id="56" bw="18" op_0_bw="8">
<![CDATA[
.reset:33  %tmp_18_cast = sext i8 %E to i18

]]></Node>
<StgValue><ssdm name="tmp_18_cast"/></StgValue>
</operation>

<operation id="71" st_id="10" stage="1" lat="1">
<core>DSP48</core>
<MemPortIdVec></MemPortIdVec>
<condition id="0">
<or_exp><and_exp><literal name="exitcond_flatten" val="0"/>
</and_exp></or_exp>
</condition>

<Node id="57" bw="18" op_0_bw="18" op_1_bw="18">
<![CDATA[
.reset:34  %tmp_7 = mul i18 409, %tmp_18_cast

]]></Node>
<StgValue><ssdm name="tmp_7"/></StgValue>
</operation>

<operation id="72" st_id="10" stage="1" lat="1">
<core>DSP48</core>
<MemPortIdVec></MemPortIdVec>
<condition id="0">
<or_exp><and_exp><literal name="exitcond_flatten" val="0"/>
</and_exp></or_exp>
</condition>

<Node id="59" bw="18" op_0_bw="18" op_1_bw="18">
<![CDATA[
.reset:36  %tmp_11 = add i18 %tmp_7, %tmp_10

]]></Node>
<StgValue><ssdm name="tmp_11"/></StgValue>
</operation>

<operation id="73" st_id="10" stage="1" lat="1">
<core>NULL</core>
<MemPortIdVec></MemPortIdVec>
<condition id="0">
<or_exp><and_exp><literal name="exitcond_flatten" val="0"/>
</and_exp></or_exp>
</condition>

<Node id="60" bw="2" op_0_bw="2" op_1_bw="18" op_2_bw="32" op_3_bw="32">
<![CDATA[
.reset:37  %tmp_5 = call i2 @_ssdm_op_PartSelect.i2.i18.i32.i32(i18 %tmp_11, i32 16, i32 17)

]]></Node>
<StgValue><ssdm name="tmp_5"/></StgValue>
</operation>

<operation id="74" st_id="10" stage="1" lat="1">
<core>Cmp</core>
<MemPortIdVec></MemPortIdVec>
<condition id="0">
<or_exp><and_exp><literal name="exitcond_flatten" val="0"/>
</and_exp></or_exp>
</condition>

<Node id="61" bw="1" op_0_bw="2" op_1_bw="2">
<![CDATA[
.reset:38  %icmp = icmp eq i2 %tmp_5, 1

]]></Node>
<StgValue><ssdm name="icmp"/></StgValue>
</operation>

<operation id="75" st_id="10" stage="1" lat="1">
<core>NULL</core>
<MemPortIdVec></MemPortIdVec>
<condition id="0">
<or_exp><and_exp><literal name="exitcond_flatten" val="0"/>
</and_exp></or_exp>
</condition>

<Node id="72" bw="18" op_0_bw="17">
<![CDATA[
.reset:49  %tmp1_cast = sext i17 %tmp1 to i18

]]></Node>
<StgValue><ssdm name="tmp1_cast"/></StgValue>
</operation>

<operation id="76" st_id="10" stage="1" lat="1">
<core>AddSub</core>
<MemPortIdVec></MemPortIdVec>
<condition id="0">
<or_exp><and_exp><literal name="exitcond_flatten" val="0"/>
</and_exp></or_exp>
</condition>

<Node id="73" bw="18" op_0_bw="18" op_1_bw="18">
<![CDATA[
.reset:50  %tmp_15 = add i18 %tmp_10, %tmp1_cast

]]></Node>
<StgValue><ssdm name="tmp_15"/></StgValue>
</operation>

<operation id="77" st_id="10" stage="1" lat="1">
<core>NULL</core>
<MemPortIdVec></MemPortIdVec>
<condition id="0">
<or_exp><and_exp><literal name="exitcond_flatten" val="0"/>
</and_exp></or_exp>
</condition>

<Node id="74" bw="2" op_0_bw="2" op_1_bw="18" op_2_bw="32" op_3_bw="32">
<![CDATA[
.reset:51  %tmp_16 = call i2 @_ssdm_op_PartSelect.i2.i18.i32.i32(i18 %tmp_15, i32 16, i32 17)

]]></Node>
<StgValue><ssdm name="tmp_16"/></StgValue>
</operation>

<operation id="78" st_id="10" stage="1" lat="1">
<core>Cmp</core>
<MemPortIdVec></MemPortIdVec>
<condition id="0">
<or_exp><and_exp><literal name="exitcond_flatten" val="0"/>
</and_exp></or_exp>
</condition>

<Node id="75" bw="1" op_0_bw="2" op_1_bw="2">
<![CDATA[
.reset:52  %icmp1 = icmp eq i2 %tmp_16, 1

]]></Node>
<StgValue><ssdm name="icmp1"/></StgValue>
</operation>

<operation id="79" st_id="10" stage="1" lat="1">
<core>NULL</core>
<MemPortIdVec></MemPortIdVec>
<condition id="0">
<or_exp><and_exp><literal name="exitcond_flatten" val="0"/>
</and_exp></or_exp>
</condition>

<Node id="76" bw="1" op_0_bw="1" op_1_bw="18" op_2_bw="32">
<![CDATA[
.reset:53  %tmp_17 = call i1 @_ssdm_op_BitSelect.i1.i18.i32(i18 %tmp_15, i32 17)

]]></Node>
<StgValue><ssdm name="tmp_17"/></StgValue>
</operation>

<operation id="80" st_id="10" stage="1" lat="1">
<core>NULL</core>
<MemPortIdVec></MemPortIdVec>
<condition id="0">
<or_exp><and_exp><literal name="exitcond_flatten" val="0"/>
</and_exp></or_exp>
</condition>

<Node id="77" bw="8" op_0_bw="8" op_1_bw="18" op_2_bw="32" op_3_bw="32">
<![CDATA[
.reset:54  %phitmp2 = call i8 @_ssdm_op_PartSelect.i8.i18.i32.i32(i18 %tmp_15, i32 8, i32 15)

]]></Node>
<StgValue><ssdm name="phitmp2"/></StgValue>
</operation>

<operation id="81" st_id="10" stage="1" lat="1">
<core>Sel</core>
<MemPortIdVec></MemPortIdVec>
<condition id="0">
<or_exp><and_exp><literal name="exitcond_flatten" val="0"/>
</and_exp></or_exp>
</condition>

<Node id="78" bw="8" op_0_bw="1" op_1_bw="8" op_2_bw="8">
<![CDATA[
.reset:55  %p_phitmp2 = select i1 %icmp1, i8 -1, i8 0

]]></Node>
<StgValue><ssdm name="p_phitmp2"/></StgValue>
</operation>

<operation id="82" st_id="10" stage="1" lat="1">
<core>LogicGate</core>
<MemPortIdVec></MemPortIdVec>
<condition id="0">
<or_exp><and_exp><literal name="exitcond_flatten" val="0"/>
</and_exp></or_exp>
</condition>

<Node id="79" bw="1" op_0_bw="1" op_1_bw="1">
<![CDATA[
.reset:56  %tmp_6 = or i1 %icmp1, %tmp_17

]]></Node>
<StgValue><ssdm name="tmp_6"/></StgValue>
</operation>

<operation id="83" st_id="10" stage="1" lat="1">
<core>Sel</core>
<MemPortIdVec></MemPortIdVec>
<condition id="0">
<or_exp><and_exp><literal name="exitcond_flatten" val="0"/>
</and_exp></or_exp>
</condition>

<Node id="80" bw="8" op_0_bw="1" op_1_bw="8" op_2_bw="8">
<![CDATA[
.reset:57  %G = select i1 %tmp_6, i8 %p_phitmp2, i8 %phitmp2

]]></Node>
<StgValue><ssdm name="G"/></StgValue>
</operation>

<operation id="84" st_id="10" stage="1" lat="1">
<core>NULL</core>
<MemPortIdVec></MemPortIdVec>
<condition id="0">
<or_exp><and_exp><literal name="exitcond_flatten" val="0"/>
</and_exp></or_exp>
</condition>

<Node id="81" bw="17" op_0_bw="17" op_1_bw="8" op_2_bw="9">
<![CDATA[
.reset:58  %p_shl = call i17 @_ssdm_op_BitConcatenate.i17.i8.i9(i8 %D, i9 0)

]]></Node>
<StgValue><ssdm name="p_shl"/></StgValue>
</operation>

<operation id="85" st_id="10" stage="1" lat="1">
<core>NULL</core>
<MemPortIdVec></MemPortIdVec>
<condition id="0">
<or_exp><and_exp><literal name="exitcond_flatten" val="0"/>
</and_exp></or_exp>
</condition>

<Node id="82" bw="19" op_0_bw="17">
<![CDATA[
.reset:59  %p_shl_cast = sext i17 %p_shl to i19

]]></Node>
<StgValue><ssdm name="p_shl_cast"/></StgValue>
</operation>

<operation id="86" st_id="10" stage="1" lat="1">
<core>NULL</core>
<MemPortIdVec></MemPortIdVec>
<condition id="0">
<or_exp><and_exp><literal name="exitcond_flatten" val="0"/>
</and_exp></or_exp>
</condition>

<Node id="86" bw="19" op_0_bw="18">
<![CDATA[
.reset:63  %tmp2_cast = sext i18 %tmp2 to i19

]]></Node>
<StgValue><ssdm name="tmp2_cast"/></StgValue>
</operation>

<operation id="87" st_id="10" stage="1" lat="1">
<core>AddSub</core>
<MemPortIdVec></MemPortIdVec>
<condition id="0">
<or_exp><and_exp><literal name="exitcond_flatten" val="0"/>
</and_exp></or_exp>
</condition>

<Node id="87" bw="19" op_0_bw="19" op_1_bw="19">
<![CDATA[
.reset:64  %tmp_18 = add i19 %p_shl_cast, %tmp2_cast

]]></Node>
<StgValue><ssdm name="tmp_18"/></StgValue>
</operation>

<operation id="88" st_id="10" stage="1" lat="1">
<core>NULL</core>
<MemPortIdVec></MemPortIdVec>
<condition id="0">
<or_exp><and_exp><literal name="exitcond_flatten" val="0"/>
</and_exp></or_exp>
</condition>

<Node id="88" bw="3" op_0_bw="3" op_1_bw="19" op_2_bw="32" op_3_bw="32">
<![CDATA[
.reset:65  %tmp_19 = call i3 @_ssdm_op_PartSelect.i3.i19.i32.i32(i19 %tmp_18, i32 16, i32 18)

]]></Node>
<StgValue><ssdm name="tmp_19"/></StgValue>
</operation>

<operation id="89" st_id="10" stage="1" lat="1">
<core>Cmp</core>
<MemPortIdVec></MemPortIdVec>
<condition id="0">
<or_exp><and_exp><literal name="exitcond_flatten" val="0"/>
</and_exp></or_exp>
</condition>

<Node id="89" bw="1" op_0_bw="3" op_1_bw="3">
<![CDATA[
.reset:66  %icmp2 = icmp sgt i3 %tmp_19, 0

]]></Node>
<StgValue><ssdm name="icmp2"/></StgValue>
</operation>

<operation id="90" st_id="10" stage="1" lat="1">
<core>NULL</core>
<MemPortIdVec></MemPortIdVec>
<condition id="0">
<or_exp><and_exp><literal name="exitcond_flatten" val="0"/>
</and_exp></or_exp>
</condition>

<Node id="90" bw="1" op_0_bw="1" op_1_bw="19" op_2_bw="32">
<![CDATA[
.reset:67  %tmp_20 = call i1 @_ssdm_op_BitSelect.i1.i19.i32(i19 %tmp_18, i32 18)

]]></Node>
<StgValue><ssdm name="tmp_20"/></StgValue>
</operation>

<operation id="91" st_id="10" stage="1" lat="1">
<core>NULL</core>
<MemPortIdVec></MemPortIdVec>
<condition id="0">
<or_exp><and_exp><literal name="exitcond_flatten" val="0"/>
</and_exp></or_exp>
</condition>

<Node id="91" bw="8" op_0_bw="8" op_1_bw="19" op_2_bw="32" op_3_bw="32">
<![CDATA[
.reset:68  %phitmp3 = call i8 @_ssdm_op_PartSelect.i8.i19.i32.i32(i19 %tmp_18, i32 8, i32 15)

]]></Node>
<StgValue><ssdm name="phitmp3"/></StgValue>
</operation>

<operation id="92" st_id="10" stage="1" lat="1">
<core>Sel</core>
<MemPortIdVec></MemPortIdVec>
<condition id="0">
<or_exp><and_exp><literal name="exitcond_flatten" val="0"/>
</and_exp></or_exp>
</condition>

<Node id="92" bw="8" op_0_bw="1" op_1_bw="8" op_2_bw="8">
<![CDATA[
.reset:69  %p_phitmp3 = select i1 %icmp2, i8 -1, i8 0

]]></Node>
<StgValue><ssdm name="p_phitmp3"/></StgValue>
</operation>

<operation id="93" st_id="10" stage="1" lat="1">
<core>LogicGate</core>
<MemPortIdVec></MemPortIdVec>
<condition id="0">
<or_exp><and_exp><literal name="exitcond_flatten" val="0"/>
</and_exp></or_exp>
</condition>

<Node id="93" bw="1" op_0_bw="1" op_1_bw="1">
<![CDATA[
.reset:70  %tmp_9 = or i1 %icmp2, %tmp_20

]]></Node>
<StgValue><ssdm name="tmp_9"/></StgValue>
</operation>

<operation id="94" st_id="10" stage="1" lat="1">
<core>Sel</core>
<MemPortIdVec></MemPortIdVec>
<condition id="0">
<or_exp><and_exp><literal name="exitcond_flatten" val="0"/>
</and_exp></or_exp>
</condition>

<Node id="94" bw="8" op_0_bw="1" op_1_bw="8" op_2_bw="8">
<![CDATA[
.reset:71  %B = select i1 %tmp_9, i8 %p_phitmp3, i8 %phitmp3

]]></Node>
<StgValue><ssdm name="B"/></StgValue>
</operation>
</state>

<state id="11" st_id="11">

<operation id="95" st_id="11" stage="1" lat="1">
<core>NULL</core>
<MemPortIdVec></MemPortIdVec>
<condition id="0">
<or_exp><and_exp><literal name="exitcond_flatten" val="0"/>
</and_exp></or_exp>
</condition>

<Node id="43" bw="22" op_0_bw="8" op_1_bw="32" op_2_bw="32">
<![CDATA[
.reset:20  %out_channels_ch1_add = getelementptr [2457600 x i8]* %out_channels_ch1, i32 0, i32 %tmp_28_cast

]]></Node>
<StgValue><ssdm name="out_channels_ch1_add"/></StgValue>
</operation>

<operation id="96" st_id="11" stage="1" lat="1">
<core>NULL</core>
<MemPortIdVec></MemPortIdVec>
<condition id="0">
<or_exp><and_exp><literal name="exitcond_flatten" val="0"/>
</and_exp></or_exp>
</condition>

<Node id="44" bw="22" op_0_bw="8" op_1_bw="32" op_2_bw="32">
<![CDATA[
.reset:21  %out_channels_ch2_add = getelementptr [2457600 x i8]* %out_channels_ch2, i32 0, i32 %tmp_28_cast

]]></Node>
<StgValue><ssdm name="out_channels_ch2_add"/></StgValue>
</operation>

<operation id="97" st_id="11" stage="1" lat="1">
<core>NULL</core>
<MemPortIdVec></MemPortIdVec>
<condition id="0">
<or_exp><and_exp><literal name="exitcond_flatten" val="0"/>
</and_exp></or_exp>
</condition>

<Node id="45" bw="22" op_0_bw="8" op_1_bw="32" op_2_bw="32">
<![CDATA[
.reset:22  %out_channels_ch3_add = getelementptr [2457600 x i8]* %out_channels_ch3, i32 0, i32 %tmp_28_cast

]]></Node>
<StgValue><ssdm name="out_channels_ch3_add"/></StgValue>
</operation>

<operation id="98" st_id="11" stage="1" lat="1">
<core>NULL</core>
<MemPortIdVec></MemPortIdVec>
<condition id="0">
<or_exp><and_exp><literal name="exitcond_flatten" val="0"/>
</and_exp></or_exp>
</condition>

<Node id="62" bw="1" op_0_bw="1" op_1_bw="18" op_2_bw="32">
<![CDATA[
.reset:39  %tmp_12 = call i1 @_ssdm_op_BitSelect.i1.i18.i32(i18 %tmp_11, i32 17)

]]></Node>
<StgValue><ssdm name="tmp_12"/></StgValue>
</operation>

<operation id="99" st_id="11" stage="1" lat="1">
<core>NULL</core>
<MemPortIdVec></MemPortIdVec>
<condition id="0">
<or_exp><and_exp><literal name="exitcond_flatten" val="0"/>
</and_exp></or_exp>
</condition>

<Node id="63" bw="8" op_0_bw="8" op_1_bw="18" op_2_bw="32" op_3_bw="32">
<![CDATA[
.reset:40  %phitmp = call i8 @_ssdm_op_PartSelect.i8.i18.i32.i32(i18 %tmp_11, i32 8, i32 15)

]]></Node>
<StgValue><ssdm name="phitmp"/></StgValue>
</operation>

<operation id="100" st_id="11" stage="1" lat="1">
<core>Sel</core>
<MemPortIdVec></MemPortIdVec>
<condition id="0">
<or_exp><and_exp><literal name="exitcond_flatten" val="0"/>
</and_exp></or_exp>
</condition>

<Node id="64" bw="8" op_0_bw="1" op_1_bw="8" op_2_bw="8">
<![CDATA[
.reset:41  %p_phitmp = select i1 %icmp, i8 -1, i8 0

]]></Node>
<StgValue><ssdm name="p_phitmp"/></StgValue>
</operation>

<operation id="101" st_id="11" stage="1" lat="1">
<core>LogicGate</core>
<MemPortIdVec></MemPortIdVec>
<condition id="0">
<or_exp><and_exp><literal name="exitcond_flatten" val="0"/>
</and_exp></or_exp>
</condition>

<Node id="65" bw="1" op_0_bw="1" op_1_bw="1">
<![CDATA[
.reset:42  %tmp_3 = or i1 %icmp, %tmp_12

]]></Node>
<StgValue><ssdm name="tmp_3"/></StgValue>
</operation>

<operation id="102" st_id="11" stage="1" lat="1">
<core>Sel</core>
<MemPortIdVec></MemPortIdVec>
<condition id="0">
<or_exp><and_exp><literal name="exitcond_flatten" val="0"/>
</and_exp></or_exp>
</condition>

<Node id="66" bw="8" op_0_bw="1" op_1_bw="8" op_2_bw="8">
<![CDATA[
.reset:43  %R = select i1 %tmp_3, i8 %p_phitmp, i8 %phitmp

]]></Node>
<StgValue><ssdm name="R"/></StgValue>
</operation>

<operation id="103" st_id="11" stage="2" lat="2">
<core>RAM</core>
<MemPortIdVec>0 </MemPortIdVec>
<condition id="0">
<or_exp><and_exp><literal name="exitcond_flatten" val="0"/>
</and_exp></or_exp>
</condition>

<Node id="95" bw="0" op_0_bw="8" op_1_bw="22">
<![CDATA[
.reset:72  store i8 %R, i8* %out_channels_ch1_add, align 1

]]></Node>
<StgValue><ssdm name=""/></StgValue>
</operation>

<operation id="104" st_id="11" stage="2" lat="2">
<core>RAM</core>
<MemPortIdVec>0 </MemPortIdVec>
<condition id="0">
<or_exp><and_exp><literal name="exitcond_flatten" val="0"/>
</and_exp></or_exp>
</condition>

<Node id="96" bw="0" op_0_bw="8" op_1_bw="22">
<![CDATA[
.reset:73  store i8 %G, i8* %out_channels_ch2_add, align 1

]]></Node>
<StgValue><ssdm name=""/></StgValue>
</operation>

<operation id="105" st_id="11" stage="2" lat="2">
<core>RAM</core>
<MemPortIdVec>0 </MemPortIdVec>
<condition id="0">
<or_exp><and_exp><literal name="exitcond_flatten" val="0"/>
</and_exp></or_exp>
</condition>

<Node id="97" bw="0" op_0_bw="8" op_1_bw="22">
<![CDATA[
.reset:74  store i8 %B, i8* %out_channels_ch3_add, align 1

]]></Node>
<StgValue><ssdm name=""/></StgValue>
</operation>
</state>

<state id="12" st_id="12">

<operation id="106" st_id="12" stage="1" lat="1">
<core>NULL</core>
<MemPortIdVec></MemPortIdVec>
<condition id="0">
<or_exp><and_exp><literal name="exitcond_flatten" val="0"/>
</and_exp></or_exp>
</condition>

<Node id="24" bw="0" op_0_bw="0" op_1_bw="0">
<![CDATA[
.reset:1  call void (...)* @_ssdm_op_SpecLoopName([30 x i8]* @YUV2RGB_LOOP_X_YUV2R)

]]></Node>
<StgValue><ssdm name=""/></StgValue>
</operation>

<operation id="107" st_id="12" stage="1" lat="1">
<core>NULL</core>
<MemPortIdVec></MemPortIdVec>
<condition id="0">
<or_exp><and_exp><literal name="exitcond_flatten" val="0"/>
</and_exp></or_exp>
</condition>

<Node id="25" bw="0" op_0_bw="0" op_1_bw="64" op_2_bw="64" op_3_bw="64">
<![CDATA[
.reset:2  call void (...)* @_ssdm_op_SpecLoopTripCount(i64 40000, i64 2457600, i64 784400)

]]></Node>
<StgValue><ssdm name=""/></StgValue>
</operation>

<operation id="108" st_id="12" stage="1" lat="1">
<core>NULL</core>
<MemPortIdVec></MemPortIdVec>
<condition id="0">
<or_exp><and_exp><literal name="exitcond_flatten" val="0"/>
</and_exp></or_exp>
</condition>

<Node id="34" bw="0" op_0_bw="0" op_1_bw="0">
<![CDATA[
.reset:11  call void (...)* @_ssdm_op_SpecLoopName([15 x i8]* @p_str4) nounwind

]]></Node>
<StgValue><ssdm name=""/></StgValue>
</operation>

<operation id="109" st_id="12" stage="1" lat="1">
<core>NULL</core>
<MemPortIdVec></MemPortIdVec>
<condition id="0">
<or_exp><and_exp><literal name="exitcond_flatten" val="0"/>
</and_exp></or_exp>
</condition>

<Node id="35" bw="32" op_0_bw="32" op_1_bw="0">
<![CDATA[
.reset:12  %tmp_1 = call i32 (...)* @_ssdm_op_SpecRegionBegin([15 x i8]* @p_str4)

]]></Node>
<StgValue><ssdm name="tmp_1"/></StgValue>
</operation>

<operation id="110" st_id="12" stage="1" lat="1">
<core>NULL</core>
<MemPortIdVec></MemPortIdVec>
<condition id="0">
<or_exp><and_exp><literal name="exitcond_flatten" val="0"/>
</and_exp></or_exp>
</condition>

<Node id="36" bw="0" op_0_bw="0" op_1_bw="32" op_2_bw="32" op_3_bw="32" op_4_bw="32" op_5_bw="0">
<![CDATA[
.reset:13  call void (...)* @_ssdm_op_SpecPipeline(i32 -1, i32 1, i32 1, i32 0, [1 x i8]* @p_str1) nounwind

]]></Node>
<StgValue><ssdm name=""/></StgValue>
</operation>

<operation id="111" st_id="12" stage="1" lat="2">
<core>RAM</core>
<MemPortIdVec>0 </MemPortIdVec>
<condition id="0">
<or_exp><and_exp><literal name="exitcond_flatten" val="0"/>
</and_exp></or_exp>
</condition>

<Node id="95" bw="0" op_0_bw="8" op_1_bw="22">
<![CDATA[
.reset:72  store i8 %R, i8* %out_channels_ch1_add, align 1

]]></Node>
<StgValue><ssdm name=""/></StgValue>
</operation>

<operation id="112" st_id="12" stage="1" lat="2">
<core>RAM</core>
<MemPortIdVec>0 </MemPortIdVec>
<condition id="0">
<or_exp><and_exp><literal name="exitcond_flatten" val="0"/>
</and_exp></or_exp>
</condition>

<Node id="96" bw="0" op_0_bw="8" op_1_bw="22">
<![CDATA[
.reset:73  store i8 %G, i8* %out_channels_ch2_add, align 1

]]></Node>
<StgValue><ssdm name=""/></StgValue>
</operation>

<operation id="113" st_id="12" stage="1" lat="2">
<core>RAM</core>
<MemPortIdVec>0 </MemPortIdVec>
<condition id="0">
<or_exp><and_exp><literal name="exitcond_flatten" val="0"/>
</and_exp></or_exp>
</condition>

<Node id="97" bw="0" op_0_bw="8" op_1_bw="22">
<![CDATA[
.reset:74  store i8 %B, i8* %out_channels_ch3_add, align 1

]]></Node>
<StgValue><ssdm name=""/></StgValue>
</operation>

<operation id="114" st_id="12" stage="1" lat="1">
<core>NULL</core>
<MemPortIdVec></MemPortIdVec>
<condition id="0">
<or_exp><and_exp><literal name="exitcond_flatten" val="0"/>
</and_exp></or_exp>
</condition>

<Node id="98" bw="32" op_0_bw="32" op_1_bw="0" op_2_bw="32">
<![CDATA[
.reset:75  %empty = call i32 (...)* @_ssdm_op_SpecRegionEnd([15 x i8]* @p_str4, i32 %tmp_1)

]]></Node>
<StgValue><ssdm name="empty"/></StgValue>
</operation>

<operation id="115" st_id="12" stage="1" lat="1">
<core>NULL</core>
<MemPortIdVec></MemPortIdVec>
<condition id="0">
<or_exp><and_exp><literal name="exitcond_flatten" val="0"/>
</and_exp></or_exp>
</condition>

<Node id="100" bw="0" op_0_bw="0">
<![CDATA[
.reset:77  br label %1

]]></Node>
<StgValue><ssdm name=""/></StgValue>
</operation>
</state>

<state id="13" st_id="13">

<operation id="116" st_id="13" stage="1" lat="1">
<core>NULL</core>
<MemPortIdVec></MemPortIdVec>
<condition id="33">
<or_exp><and_exp></and_exp></or_exp>
</condition>

<Node id="102" bw="32" op_0_bw="32" op_1_bw="16">
<![CDATA[
:0  %mrv = insertvalue { i16, i16 } undef, i16 %in_width_read_2, 0

]]></Node>
<StgValue><ssdm name="mrv"/></StgValue>
</operation>

<operation id="117" st_id="13" stage="1" lat="1">
<core>NULL</core>
<MemPortIdVec></MemPortIdVec>
<condition id="33">
<or_exp><and_exp></and_exp></or_exp>
</condition>

<Node id="103" bw="32" op_0_bw="32" op_1_bw="16">
<![CDATA[
:1  %mrv_1 = insertvalue { i16, i16 } %mrv, i16 %in_height_read_2, 1

]]></Node>
<StgValue><ssdm name="mrv_1"/></StgValue>
</operation>

<operation id="118" st_id="13" stage="1" lat="1">
<core>NULL</core>
<MemPortIdVec></MemPortIdVec>
<condition id="33">
<or_exp><and_exp></and_exp></or_exp>
</condition>

<Node id="104" bw="0" op_0_bw="32">
<![CDATA[
:2  ret { i16, i16 } %mrv_1

]]></Node>
<StgValue><ssdm name=""/></StgValue>
</operation>
</state>
</state_list>


<ports>
<port id="146" name="in_channels_ch1" dir="0" iftype="1">
<core>RAM</core><StgValue><ssdm name="in_channels_ch1"/><MemPortTyVec>1 3 </MemPortTyVec>
</StgValue>
</port>
<port id="147" name="in_channels_ch2" dir="0" iftype="1">
<core>RAM</core><StgValue><ssdm name="in_channels_ch2"/><MemPortTyVec>1 3 </MemPortTyVec>
</StgValue>
</port>
<port id="148" name="in_channels_ch3" dir="0" iftype="1">
<core>RAM</core><StgValue><ssdm name="in_channels_ch3"/><MemPortTyVec>1 3 </MemPortTyVec>
</StgValue>
</port>
<port id="149" name="in_width_read" dir="0" iftype="0">
<core>NULL</core><StgValue><ssdm name="in_width_read"/></StgValue>
</port>
<port id="150" name="in_height_read" dir="0" iftype="0">
<core>NULL</core><StgValue><ssdm name="in_height_read"/></StgValue>
</port>
<port id="151" name="out_channels_ch1" dir="1" iftype="1">
<core>RAM</core><StgValue><ssdm name="out_channels_ch1"/><MemPortTyVec>0 3 </MemPortTyVec>
</StgValue>
</port>
<port id="152" name="out_channels_ch2" dir="1" iftype="1">
<core>RAM</core><StgValue><ssdm name="out_channels_ch2"/><MemPortTyVec>0 3 </MemPortTyVec>
</StgValue>
</port>
<port id="153" name="out_channels_ch3" dir="1" iftype="1">
<core>RAM</core><StgValue><ssdm name="out_channels_ch3"/><MemPortTyVec>0 3 </MemPortTyVec>
</StgValue>
</port>
</ports>


<dataflows>
<dataflow id="155" from="_ssdm_op_Read.ap_auto.i16" to="in_height_read_2" fromId="154" toId="14">
</dataflow>
<dataflow id="156" from="in_height_read" to="in_height_read_2" fromId="150" toId="14">
</dataflow>
<dataflow id="157" from="_ssdm_op_Read.ap_auto.i16" to="in_width_read_2" fromId="154" toId="15">
</dataflow>
<dataflow id="158" from="in_width_read" to="in_width_read_2" fromId="149" toId="15">
</dataflow>
<dataflow id="159" from="in_width_read_2" to="cast" fromId="15" toId="16">
</dataflow>
<dataflow id="160" from="in_height_read_2" to="cast1" fromId="14" toId="17">
</dataflow>
<dataflow id="161" from="cast1" to="bound" fromId="17" toId="18">
</dataflow>
<dataflow id="162" from="cast" to="bound" fromId="16" toId="18">
</dataflow>
<dataflow id="164" from="StgValue_163" to="indvar_flatten" fromId="163" toId="20">
<condition id="76">
<or_exp><and_exp></and_exp></or_exp>
</condition>
</dataflow>
<dataflow id="165" from="StgValue_19" to="indvar_flatten" fromId="19" toId="20">
</dataflow>
<dataflow id="166" from="indvar_flatten_next" to="indvar_flatten" fromId="24" toId="20">
<BackEdge/>
<condition id="77">
<or_exp><and_exp><literal name="exitcond_flatten" val="0"/>
</and_exp></or_exp>
</condition>
</dataflow>
<dataflow id="167" from="StgValue_115" to="indvar_flatten" fromId="115" toId="20">
<BackEdge/>
</dataflow>
<dataflow id="169" from="StgValue_168" to="x" fromId="168" toId="21">
<condition id="78">
<or_exp><and_exp></and_exp></or_exp>
</condition>
</dataflow>
<dataflow id="170" from="StgValue_19" to="x" fromId="19" toId="21">
</dataflow>
<dataflow id="171" from="tmp_mid2_v" to="x" fromId="29" toId="21">
<BackEdge/>
<condition id="79">
<or_exp><and_exp><literal name="exitcond_flatten" val="0"/>
</and_exp></or_exp>
</condition>
</dataflow>
<dataflow id="172" from="StgValue_115" to="x" fromId="115" toId="21">
<BackEdge/>
</dataflow>
<dataflow id="173" from="StgValue_168" to="y" fromId="168" toId="22">
<condition id="80">
<or_exp><and_exp></and_exp></or_exp>
</condition>
</dataflow>
<dataflow id="174" from="StgValue_19" to="y" fromId="19" toId="22">
</dataflow>
<dataflow id="175" from="y_2" to="y" fromId="37" toId="22">
<BackEdge/>
<condition id="81">
<or_exp><and_exp><literal name="exitcond_flatten" val="0"/>
</and_exp></or_exp>
</condition>
</dataflow>
<dataflow id="176" from="StgValue_115" to="y" fromId="115" toId="22">
<BackEdge/>
</dataflow>
<dataflow id="177" from="indvar_flatten" to="exitcond_flatten" fromId="20" toId="23">
</dataflow>
<dataflow id="178" from="bound" to="exitcond_flatten" fromId="18" toId="23">
</dataflow>
<dataflow id="179" from="indvar_flatten" to="indvar_flatten_next" fromId="20" toId="24">
</dataflow>
<dataflow id="181" from="StgValue_180" to="indvar_flatten_next" fromId="180" toId="24">
</dataflow>
<dataflow id="182" from="exitcond_flatten" to="StgValue_25" fromId="23" toId="25">
</dataflow>
<dataflow id="184" from="StgValue_183" to="x_2" fromId="183" toId="26">
</dataflow>
<dataflow id="185" from="x" to="x_2" fromId="21" toId="26">
</dataflow>
<dataflow id="186" from="y" to="exitcond5" fromId="22" toId="27">
</dataflow>
<dataflow id="187" from="in_height_read_2" to="exitcond5" fromId="14" toId="27">
</dataflow>
<dataflow id="188" from="exitcond5" to="y_mid2" fromId="27" toId="28">
</dataflow>
<dataflow id="189" from="StgValue_168" to="y_mid2" fromId="168" toId="28">
</dataflow>
<dataflow id="190" from="y" to="y_mid2" fromId="22" toId="28">
</dataflow>
<dataflow id="191" from="exitcond5" to="tmp_mid2_v" fromId="27" toId="29">
</dataflow>
<dataflow id="192" from="x_2" to="tmp_mid2_v" fromId="26" toId="29">
</dataflow>
<dataflow id="193" from="x" to="tmp_mid2_v" fromId="21" toId="29">
</dataflow>
<dataflow id="194" from="tmp_mid2_v" to="tmp" fromId="29" toId="30">
</dataflow>
<dataflow id="195" from="tmp_mid2_v" to="tmp_2" fromId="29" toId="31">
</dataflow>
<dataflow id="197" from="_ssdm_op_BitConcatenate.i23.i13.i10" to="p_shl2_cast" fromId="196" toId="32">
</dataflow>
<dataflow id="198" from="tmp" to="p_shl2_cast" fromId="30" toId="32">
</dataflow>
<dataflow id="200" from="StgValue_199" to="p_shl2_cast" fromId="199" toId="32">
</dataflow>
<dataflow id="202" from="_ssdm_op_BitConcatenate.i23.i15.i8" to="p_shl3_cast" fromId="201" toId="33">
</dataflow>
<dataflow id="203" from="tmp_2" to="p_shl3_cast" fromId="31" toId="33">
</dataflow>
<dataflow id="205" from="StgValue_204" to="p_shl3_cast" fromId="204" toId="33">
</dataflow>
<dataflow id="206" from="p_shl3_cast" to="tmp_s" fromId="33" toId="34">
</dataflow>
<dataflow id="207" from="p_shl2_cast" to="tmp_s" fromId="32" toId="34">
</dataflow>
<dataflow id="208" from="y_mid2" to="tmp_cast" fromId="28" toId="35">
</dataflow>
<dataflow id="209" from="tmp_s" to="tmp_8" fromId="34" toId="36">
</dataflow>
<dataflow id="210" from="tmp_cast" to="tmp_8" fromId="35" toId="36">
</dataflow>
<dataflow id="211" from="StgValue_183" to="y_2" fromId="183" toId="37">
</dataflow>
<dataflow id="212" from="y_mid2" to="y_2" fromId="28" toId="37">
</dataflow>
<dataflow id="213" from="tmp_8" to="tmp_28_cast" fromId="36" toId="38">
</dataflow>
<dataflow id="214" from="in_channels_ch3" to="in_channels_ch3_addr" fromId="148" toId="39">
</dataflow>
<dataflow id="215" from="StgValue_163" to="in_channels_ch3_addr" fromId="163" toId="39">
</dataflow>
<dataflow id="216" from="tmp_28_cast" to="in_channels_ch3_addr" fromId="38" toId="39">
</dataflow>
<dataflow id="217" from="in_channels_ch3_addr" to="V" fromId="39" toId="40">
</dataflow>
<dataflow id="218" from="in_channels_ch1" to="in_channels_ch1_addr" fromId="146" toId="41">
</dataflow>
<dataflow id="219" from="StgValue_163" to="in_channels_ch1_addr" fromId="163" toId="41">
</dataflow>
<dataflow id="220" from="tmp_28_cast" to="in_channels_ch1_addr" fromId="38" toId="41">
</dataflow>
<dataflow id="221" from="in_channels_ch2" to="in_channels_ch2_addr" fromId="147" toId="42">
</dataflow>
<dataflow id="222" from="StgValue_163" to="in_channels_ch2_addr" fromId="163" toId="42">
</dataflow>
<dataflow id="223" from="tmp_28_cast" to="in_channels_ch2_addr" fromId="38" toId="42">
</dataflow>
<dataflow id="224" from="in_channels_ch1_addr" to="Y" fromId="41" toId="43">
</dataflow>
<dataflow id="225" from="in_channels_ch2_addr" to="U" fromId="42" toId="44">
</dataflow>
<dataflow id="226" from="in_channels_ch3_addr" to="V" fromId="39" toId="45">
</dataflow>
<dataflow id="227" from="in_channels_ch1_addr" to="Y" fromId="41" toId="46">
</dataflow>
<dataflow id="228" from="in_channels_ch2_addr" to="U" fromId="42" toId="47">
</dataflow>
<dataflow id="229" from="in_channels_ch3_addr" to="V" fromId="39" toId="48">
</dataflow>
<dataflow id="230" from="in_channels_ch1_addr" to="Y" fromId="41" toId="49">
</dataflow>
<dataflow id="231" from="in_channels_ch2_addr" to="U" fromId="42" toId="50">
</dataflow>
<dataflow id="232" from="in_channels_ch3_addr" to="V" fromId="39" toId="51">
</dataflow>
<dataflow id="233" from="V" to="E" fromId="51" toId="52">
</dataflow>
<dataflow id="235" from="StgValue_234" to="E" fromId="234" toId="52">
</dataflow>
<dataflow id="236" from="in_channels_ch1_addr" to="Y" fromId="41" toId="53">
</dataflow>
<dataflow id="237" from="in_channels_ch2_addr" to="U" fromId="42" toId="54">
</dataflow>
<dataflow id="238" from="U" to="D" fromId="54" toId="55">
</dataflow>
<dataflow id="239" from="StgValue_234" to="D" fromId="234" toId="55">
</dataflow>
<dataflow id="240" from="E" to="tmp_18_cast5" fromId="52" toId="56">
</dataflow>
<dataflow id="242" from="StgValue_241" to="tmp_14" fromId="241" toId="57">
</dataflow>
<dataflow id="243" from="tmp_18_cast5" to="tmp_14" fromId="56" toId="57">
</dataflow>
<dataflow id="244" from="Y" to="tmp_13_cast" fromId="53" toId="58">
</dataflow>
<dataflow id="246" from="StgValue_245" to="C" fromId="245" toId="59">
</dataflow>
<dataflow id="247" from="tmp_13_cast" to="C" fromId="58" toId="59">
</dataflow>
<dataflow id="248" from="C" to="tmp_16_cast" fromId="59" toId="60">
</dataflow>
<dataflow id="250" from="StgValue_249" to="tmp_4" fromId="249" toId="61">
</dataflow>
<dataflow id="251" from="tmp_16_cast" to="tmp_4" fromId="60" toId="61">
</dataflow>
<dataflow id="253" from="StgValue_252" to="tmp_10" fromId="252" toId="62">
</dataflow>
<dataflow id="254" from="tmp_4" to="tmp_10" fromId="61" toId="62">
</dataflow>
<dataflow id="255" from="D" to="tmp_26_cast4_cast" fromId="55" toId="63">
</dataflow>
<dataflow id="257" from="StgValue_256" to="tmp_13" fromId="256" toId="64">
</dataflow>
<dataflow id="258" from="tmp_26_cast4_cast" to="tmp_13" fromId="63" toId="64">
</dataflow>
<dataflow id="259" from="tmp_13" to="tmp_14_cast" fromId="64" toId="65">
</dataflow>
<dataflow id="260" from="tmp_14" to="tmp1" fromId="57" toId="66">
</dataflow>
<dataflow id="261" from="tmp_14_cast" to="tmp1" fromId="65" toId="66">
</dataflow>
<dataflow id="263" from="_ssdm_op_BitConcatenate.i10.i8.i2" to="p_shl1" fromId="262" toId="67">
</dataflow>
<dataflow id="264" from="D" to="p_shl1" fromId="55" toId="67">
</dataflow>
<dataflow id="266" from="StgValue_265" to="p_shl1" fromId="265" toId="67">
</dataflow>
<dataflow id="267" from="p_shl1" to="p_shl1_cast" fromId="67" toId="68">
</dataflow>
<dataflow id="268" from="tmp_10" to="tmp2" fromId="62" toId="69">
</dataflow>
<dataflow id="269" from="p_shl1_cast" to="tmp2" fromId="68" toId="69">
</dataflow>
<dataflow id="270" from="E" to="tmp_18_cast" fromId="52" toId="70">
</dataflow>
<dataflow id="272" from="StgValue_271" to="tmp_7" fromId="271" toId="71">
</dataflow>
<dataflow id="273" from="tmp_18_cast" to="tmp_7" fromId="70" toId="71">
</dataflow>
<dataflow id="274" from="tmp_7" to="tmp_11" fromId="71" toId="72">
</dataflow>
<dataflow id="275" from="tmp_10" to="tmp_11" fromId="62" toId="72">
</dataflow>
<dataflow id="277" from="_ssdm_op_PartSelect.i2.i18.i32.i32" to="tmp_5" fromId="276" toId="73">
</dataflow>
<dataflow id="278" from="tmp_11" to="tmp_5" fromId="72" toId="73">
</dataflow>
<dataflow id="280" from="StgValue_279" to="tmp_5" fromId="279" toId="73">
</dataflow>
<dataflow id="282" from="StgValue_281" to="tmp_5" fromId="281" toId="73">
</dataflow>
<dataflow id="283" from="tmp_5" to="icmp" fromId="73" toId="74">
</dataflow>
<dataflow id="285" from="StgValue_284" to="icmp" fromId="284" toId="74">
</dataflow>
<dataflow id="286" from="tmp1" to="tmp1_cast" fromId="66" toId="75">
</dataflow>
<dataflow id="287" from="tmp_10" to="tmp_15" fromId="62" toId="76">
</dataflow>
<dataflow id="288" from="tmp1_cast" to="tmp_15" fromId="75" toId="76">
</dataflow>
<dataflow id="289" from="_ssdm_op_PartSelect.i2.i18.i32.i32" to="tmp_16" fromId="276" toId="77">
</dataflow>
<dataflow id="290" from="tmp_15" to="tmp_16" fromId="76" toId="77">
</dataflow>
<dataflow id="291" from="StgValue_279" to="tmp_16" fromId="279" toId="77">
</dataflow>
<dataflow id="292" from="StgValue_281" to="tmp_16" fromId="281" toId="77">
</dataflow>
<dataflow id="293" from="tmp_16" to="icmp1" fromId="77" toId="78">
</dataflow>
<dataflow id="294" from="StgValue_284" to="icmp1" fromId="284" toId="78">
</dataflow>
<dataflow id="296" from="_ssdm_op_BitSelect.i1.i18.i32" to="tmp_17" fromId="295" toId="79">
</dataflow>
<dataflow id="297" from="tmp_15" to="tmp_17" fromId="76" toId="79">
</dataflow>
<dataflow id="298" from="StgValue_281" to="tmp_17" fromId="281" toId="79">
</dataflow>
<dataflow id="300" from="_ssdm_op_PartSelect.i8.i18.i32.i32" to="phitmp2" fromId="299" toId="80">
</dataflow>
<dataflow id="301" from="tmp_15" to="phitmp2" fromId="76" toId="80">
</dataflow>
<dataflow id="303" from="StgValue_302" to="phitmp2" fromId="302" toId="80">
</dataflow>
<dataflow id="305" from="StgValue_304" to="phitmp2" fromId="304" toId="80">
</dataflow>
<dataflow id="306" from="icmp1" to="p_phitmp2" fromId="78" toId="81">
</dataflow>
<dataflow id="308" from="StgValue_307" to="p_phitmp2" fromId="307" toId="81">
</dataflow>
<dataflow id="309" from="StgValue_204" to="p_phitmp2" fromId="204" toId="81">
</dataflow>
<dataflow id="310" from="icmp1" to="tmp_6" fromId="78" toId="82">
</dataflow>
<dataflow id="311" from="tmp_17" to="tmp_6" fromId="79" toId="82">
</dataflow>
<dataflow id="312" from="tmp_6" to="G" fromId="82" toId="83">
</dataflow>
<dataflow id="313" from="p_phitmp2" to="G" fromId="81" toId="83">
</dataflow>
<dataflow id="314" from="phitmp2" to="G" fromId="80" toId="83">
</dataflow>
<dataflow id="316" from="_ssdm_op_BitConcatenate.i17.i8.i9" to="p_shl" fromId="315" toId="84">
</dataflow>
<dataflow id="317" from="D" to="p_shl" fromId="55" toId="84">
</dataflow>
<dataflow id="319" from="StgValue_318" to="p_shl" fromId="318" toId="84">
</dataflow>
<dataflow id="320" from="p_shl" to="p_shl_cast" fromId="84" toId="85">
</dataflow>
<dataflow id="321" from="tmp2" to="tmp2_cast" fromId="69" toId="86">
</dataflow>
<dataflow id="322" from="p_shl_cast" to="tmp_18" fromId="85" toId="87">
</dataflow>
<dataflow id="323" from="tmp2_cast" to="tmp_18" fromId="86" toId="87">
</dataflow>
<dataflow id="325" from="_ssdm_op_PartSelect.i3.i19.i32.i32" to="tmp_19" fromId="324" toId="88">
</dataflow>
<dataflow id="326" from="tmp_18" to="tmp_19" fromId="87" toId="88">
</dataflow>
<dataflow id="327" from="StgValue_279" to="tmp_19" fromId="279" toId="88">
</dataflow>
<dataflow id="329" from="StgValue_328" to="tmp_19" fromId="328" toId="88">
</dataflow>
<dataflow id="330" from="tmp_19" to="icmp2" fromId="88" toId="89">
</dataflow>
<dataflow id="332" from="StgValue_331" to="icmp2" fromId="331" toId="89">
</dataflow>
<dataflow id="334" from="_ssdm_op_BitSelect.i1.i19.i32" to="tmp_20" fromId="333" toId="90">
</dataflow>
<dataflow id="335" from="tmp_18" to="tmp_20" fromId="87" toId="90">
</dataflow>
<dataflow id="336" from="StgValue_328" to="tmp_20" fromId="328" toId="90">
</dataflow>
<dataflow id="338" from="_ssdm_op_PartSelect.i8.i19.i32.i32" to="phitmp3" fromId="337" toId="91">
</dataflow>
<dataflow id="339" from="tmp_18" to="phitmp3" fromId="87" toId="91">
</dataflow>
<dataflow id="340" from="StgValue_302" to="phitmp3" fromId="302" toId="91">
</dataflow>
<dataflow id="341" from="StgValue_304" to="phitmp3" fromId="304" toId="91">
</dataflow>
<dataflow id="342" from="icmp2" to="p_phitmp3" fromId="89" toId="92">
</dataflow>
<dataflow id="343" from="StgValue_307" to="p_phitmp3" fromId="307" toId="92">
</dataflow>
<dataflow id="344" from="StgValue_204" to="p_phitmp3" fromId="204" toId="92">
</dataflow>
<dataflow id="345" from="icmp2" to="tmp_9" fromId="89" toId="93">
</dataflow>
<dataflow id="346" from="tmp_20" to="tmp_9" fromId="90" toId="93">
</dataflow>
<dataflow id="347" from="tmp_9" to="B" fromId="93" toId="94">
</dataflow>
<dataflow id="348" from="p_phitmp3" to="B" fromId="92" toId="94">
</dataflow>
<dataflow id="349" from="phitmp3" to="B" fromId="91" toId="94">
</dataflow>
<dataflow id="350" from="out_channels_ch1" to="out_channels_ch1_add" fromId="151" toId="95">
</dataflow>
<dataflow id="351" from="StgValue_163" to="out_channels_ch1_add" fromId="163" toId="95">
</dataflow>
<dataflow id="352" from="tmp_28_cast" to="out_channels_ch1_add" fromId="38" toId="95">
</dataflow>
<dataflow id="353" from="out_channels_ch2" to="out_channels_ch2_add" fromId="152" toId="96">
</dataflow>
<dataflow id="354" from="StgValue_163" to="out_channels_ch2_add" fromId="163" toId="96">
</dataflow>
<dataflow id="355" from="tmp_28_cast" to="out_channels_ch2_add" fromId="38" toId="96">
</dataflow>
<dataflow id="356" from="out_channels_ch3" to="out_channels_ch3_add" fromId="153" toId="97">
</dataflow>
<dataflow id="357" from="StgValue_163" to="out_channels_ch3_add" fromId="163" toId="97">
</dataflow>
<dataflow id="358" from="tmp_28_cast" to="out_channels_ch3_add" fromId="38" toId="97">
</dataflow>
<dataflow id="359" from="_ssdm_op_BitSelect.i1.i18.i32" to="tmp_12" fromId="295" toId="98">
</dataflow>
<dataflow id="360" from="tmp_11" to="tmp_12" fromId="72" toId="98">
</dataflow>
<dataflow id="361" from="StgValue_281" to="tmp_12" fromId="281" toId="98">
</dataflow>
<dataflow id="362" from="_ssdm_op_PartSelect.i8.i18.i32.i32" to="phitmp" fromId="299" toId="99">
</dataflow>
<dataflow id="363" from="tmp_11" to="phitmp" fromId="72" toId="99">
</dataflow>
<dataflow id="364" from="StgValue_302" to="phitmp" fromId="302" toId="99">
</dataflow>
<dataflow id="365" from="StgValue_304" to="phitmp" fromId="304" toId="99">
</dataflow>
<dataflow id="366" from="icmp" to="p_phitmp" fromId="74" toId="100">
</dataflow>
<dataflow id="367" from="StgValue_307" to="p_phitmp" fromId="307" toId="100">
</dataflow>
<dataflow id="368" from="StgValue_204" to="p_phitmp" fromId="204" toId="100">
</dataflow>
<dataflow id="369" from="icmp" to="tmp_3" fromId="74" toId="101">
</dataflow>
<dataflow id="370" from="tmp_12" to="tmp_3" fromId="98" toId="101">
</dataflow>
<dataflow id="371" from="tmp_3" to="R" fromId="101" toId="102">
</dataflow>
<dataflow id="372" from="p_phitmp" to="R" fromId="100" toId="102">
</dataflow>
<dataflow id="373" from="phitmp" to="R" fromId="99" toId="102">
</dataflow>
<dataflow id="374" from="R" to="StgValue_103" fromId="102" toId="103">
</dataflow>
<dataflow id="375" from="out_channels_ch1_add" to="StgValue_103" fromId="95" toId="103">
</dataflow>
<dataflow id="376" from="G" to="StgValue_104" fromId="83" toId="104">
</dataflow>
<dataflow id="377" from="out_channels_ch2_add" to="StgValue_104" fromId="96" toId="104">
</dataflow>
<dataflow id="378" from="B" to="StgValue_105" fromId="94" toId="105">
</dataflow>
<dataflow id="379" from="out_channels_ch3_add" to="StgValue_105" fromId="97" toId="105">
</dataflow>
<dataflow id="381" from="_ssdm_op_SpecLoopName" to="StgValue_106" fromId="380" toId="106">
</dataflow>
<dataflow id="383" from="YUV2RGB_LOOP_X_YUV2R" to="StgValue_106" fromId="382" toId="106">
</dataflow>
<dataflow id="385" from="_ssdm_op_SpecLoopTripCount" to="StgValue_107" fromId="384" toId="107">
</dataflow>
<dataflow id="387" from="StgValue_386" to="StgValue_107" fromId="386" toId="107">
</dataflow>
<dataflow id="389" from="StgValue_388" to="StgValue_107" fromId="388" toId="107">
</dataflow>
<dataflow id="391" from="StgValue_390" to="StgValue_107" fromId="390" toId="107">
</dataflow>
<dataflow id="392" from="_ssdm_op_SpecLoopName" to="StgValue_108" fromId="380" toId="108">
</dataflow>
<dataflow id="394" from="p_str4" to="StgValue_108" fromId="393" toId="108">
</dataflow>
<dataflow id="396" from="_ssdm_op_SpecRegionBegin" to="tmp_1" fromId="395" toId="109">
</dataflow>
<dataflow id="397" from="p_str4" to="tmp_1" fromId="393" toId="109">
</dataflow>
<dataflow id="399" from="_ssdm_op_SpecPipeline" to="StgValue_110" fromId="398" toId="110">
</dataflow>
<dataflow id="401" from="StgValue_400" to="StgValue_110" fromId="400" toId="110">
</dataflow>
<dataflow id="402" from="StgValue_180" to="StgValue_110" fromId="180" toId="110">
</dataflow>
<dataflow id="403" from="StgValue_180" to="StgValue_110" fromId="180" toId="110">
</dataflow>
<dataflow id="404" from="StgValue_163" to="StgValue_110" fromId="163" toId="110">
</dataflow>
<dataflow id="406" from="p_str1" to="StgValue_110" fromId="405" toId="110">
</dataflow>
<dataflow id="407" from="R" to="StgValue_111" fromId="102" toId="111">
</dataflow>
<dataflow id="408" from="out_channels_ch1_add" to="StgValue_111" fromId="95" toId="111">
</dataflow>
<dataflow id="409" from="G" to="StgValue_112" fromId="83" toId="112">
</dataflow>
<dataflow id="410" from="out_channels_ch2_add" to="StgValue_112" fromId="96" toId="112">
</dataflow>
<dataflow id="411" from="B" to="StgValue_113" fromId="94" toId="113">
</dataflow>
<dataflow id="412" from="out_channels_ch3_add" to="StgValue_113" fromId="97" toId="113">
</dataflow>
<dataflow id="414" from="_ssdm_op_SpecRegionEnd" to="empty" fromId="413" toId="114">
</dataflow>
<dataflow id="415" from="p_str4" to="empty" fromId="393" toId="114">
</dataflow>
<dataflow id="416" from="tmp_1" to="empty" fromId="109" toId="114">
</dataflow>
<dataflow id="418" from="StgValue_417" to="mrv" fromId="417" toId="116">
</dataflow>
<dataflow id="419" from="in_width_read_2" to="mrv" fromId="15" toId="116">
</dataflow>
<dataflow id="420" from="mrv" to="mrv_1" fromId="116" toId="117">
</dataflow>
<dataflow id="421" from="in_height_read_2" to="mrv_1" fromId="14" toId="117">
</dataflow>
<dataflow id="422" from="mrv_1" to="StgValue_118" fromId="117" toId="118">
</dataflow>
<dataflow id="423" from="exitcond_flatten" to="StgValue_2" fromId="23" toId="2">
</dataflow>
<dataflow id="424" from="exitcond_flatten" to="StgValue_3" fromId="23" toId="3">
</dataflow>
<dataflow id="425" from="exitcond_flatten" to="StgValue_4" fromId="23" toId="4">
</dataflow>
<dataflow id="426" from="exitcond_flatten" to="StgValue_5" fromId="23" toId="5">
</dataflow>
<dataflow id="427" from="exitcond_flatten" to="StgValue_6" fromId="23" toId="6">
</dataflow>
<dataflow id="428" from="exitcond_flatten" to="StgValue_7" fromId="23" toId="7">
</dataflow>
<dataflow id="429" from="exitcond_flatten" to="StgValue_8" fromId="23" toId="8">
</dataflow>
<dataflow id="430" from="exitcond_flatten" to="StgValue_9" fromId="23" toId="9">
</dataflow>
<dataflow id="431" from="exitcond_flatten" to="StgValue_10" fromId="23" toId="10">
</dataflow>
<dataflow id="432" from="exitcond_flatten" to="StgValue_11" fromId="23" toId="11">
</dataflow>
<dataflow id="433" from="exitcond_flatten" to="StgValue_12" fromId="23" toId="12">
</dataflow>
</dataflows>


</stg>
