<stg><name>yuv_scale</name>


<trans_list>

<trans id="86" from="1" to="2">
<condition id="23">
<or_exp><and_exp></and_exp></or_exp>
</condition>
</trans>

<trans id="107" from="2" to="11">
<condition id="37">
<or_exp><and_exp><literal name="exitcond_flatten" val="1"/>
</and_exp></or_exp>
</condition>
</trans>

<trans id="108" from="2" to="3">
<condition id="46">
<or_exp><and_exp><literal name="exitcond_flatten" val="0"/>
</and_exp></or_exp>
</condition>
</trans>

<trans id="99" from="3" to="4">
<condition id="38">
<or_exp><and_exp></and_exp></or_exp>
</condition>
</trans>

<trans id="100" from="4" to="5">
<condition id="39">
<or_exp><and_exp></and_exp></or_exp>
</condition>
</trans>

<trans id="101" from="5" to="6">
<condition id="40">
<or_exp><and_exp></and_exp></or_exp>
</condition>
</trans>

<trans id="102" from="6" to="7">
<condition id="41">
<or_exp><and_exp></and_exp></or_exp>
</condition>
</trans>

<trans id="103" from="7" to="8">
<condition id="42">
<or_exp><and_exp></and_exp></or_exp>
</condition>
</trans>

<trans id="104" from="8" to="9">
<condition id="43">
<or_exp><and_exp></and_exp></or_exp>
</condition>
</trans>

<trans id="105" from="9" to="10">
<condition id="44">
<or_exp><and_exp></and_exp></or_exp>
</condition>
</trans>

<trans id="106" from="10" to="2">
<condition id="45">
<or_exp><and_exp></and_exp></or_exp>
</condition>
</trans>
</trans_list>



<state_list>

<state id="1" st_id="1">

<operation id="12" st_id="1" stage="1" lat="1">
<core>NULL</core>
<MemPortIdVec></MemPortIdVec>
<condition id="20">
<or_exp><and_exp></and_exp></or_exp>
</condition>

<Node id="12" bw="8" op_0_bw="8" op_1_bw="8">
<![CDATA[
:0  %V_scale_read = call i8 @_ssdm_op_Read.ap_auto.i8(i8 %V_scale)

]]></Node>
<StgValue><ssdm name="V_scale_read"/></StgValue>
</operation>

<operation id="13" st_id="1" stage="1" lat="1">
<core>NULL</core>
<MemPortIdVec></MemPortIdVec>
<condition id="20">
<or_exp><and_exp></and_exp></or_exp>
</condition>

<Node id="13" bw="8" op_0_bw="8" op_1_bw="8">
<![CDATA[
:1  %U_scale_read = call i8 @_ssdm_op_Read.ap_auto.i8(i8 %U_scale)

]]></Node>
<StgValue><ssdm name="U_scale_read"/></StgValue>
</operation>

<operation id="14" st_id="1" stage="1" lat="1">
<core>NULL</core>
<MemPortIdVec></MemPortIdVec>
<condition id="20">
<or_exp><and_exp></and_exp></or_exp>
</condition>

<Node id="14" bw="8" op_0_bw="8" op_1_bw="8">
<![CDATA[
:2  %Y_scale_read = call i8 @_ssdm_op_Read.ap_auto.i8(i8 %Y_scale)

]]></Node>
<StgValue><ssdm name="Y_scale_read"/></StgValue>
</operation>

<operation id="15" st_id="1" stage="1" lat="1">
<core>NULL</core>
<MemPortIdVec></MemPortIdVec>
<condition id="20">
<or_exp><and_exp></and_exp></or_exp>
</condition>

<Node id="15" bw="16" op_0_bw="16" op_1_bw="16">
<![CDATA[
:3  %in_height_read_1 = call i16 @_ssdm_op_Read.ap_auto.i16(i16 %in_height_read)

]]></Node>
<StgValue><ssdm name="in_height_read_1"/></StgValue>
</operation>

<operation id="16" st_id="1" stage="1" lat="1">
<core>NULL</core>
<MemPortIdVec></MemPortIdVec>
<condition id="20">
<or_exp><and_exp></and_exp></or_exp>
</condition>

<Node id="16" bw="16" op_0_bw="16" op_1_bw="16">
<![CDATA[
:4  %in_width_read_1 = call i16 @_ssdm_op_Read.ap_auto.i16(i16 %in_width_read)

]]></Node>
<StgValue><ssdm name="in_width_read_1"/></StgValue>
</operation>

<operation id="17" st_id="1" stage="1" lat="1">
<core>NULL</core>
<MemPortIdVec></MemPortIdVec>
<condition id="20">
<or_exp><and_exp></and_exp></or_exp>
</condition>

<Node id="17" bw="15" op_0_bw="8">
<![CDATA[
:5  %tmp_cast = zext i8 %Y_scale_read to i15

]]></Node>
<StgValue><ssdm name="tmp_cast"/></StgValue>
</operation>

<operation id="18" st_id="1" stage="1" lat="1">
<core>NULL</core>
<MemPortIdVec></MemPortIdVec>
<condition id="20">
<or_exp><and_exp></and_exp></or_exp>
</condition>

<Node id="18" bw="15" op_0_bw="8">
<![CDATA[
:6  %tmp_1_cast = zext i8 %U_scale_read to i15

]]></Node>
<StgValue><ssdm name="tmp_1_cast"/></StgValue>
</operation>

<operation id="19" st_id="1" stage="1" lat="1">
<core>NULL</core>
<MemPortIdVec></MemPortIdVec>
<condition id="20">
<or_exp><and_exp></and_exp></or_exp>
</condition>

<Node id="19" bw="15" op_0_bw="8">
<![CDATA[
:7  %tmp_2_cast = zext i8 %V_scale_read to i15

]]></Node>
<StgValue><ssdm name="tmp_2_cast"/></StgValue>
</operation>

<operation id="20" st_id="1" stage="1" lat="1">
<core>NULL</core>
<MemPortIdVec></MemPortIdVec>
<condition id="20">
<or_exp><and_exp></and_exp></or_exp>
</condition>

<Node id="20" bw="32" op_0_bw="16">
<![CDATA[
:8  %cast = zext i16 %in_width_read_1 to i32

]]></Node>
<StgValue><ssdm name="cast"/></StgValue>
</operation>

<operation id="21" st_id="1" stage="1" lat="1">
<core>NULL</core>
<MemPortIdVec></MemPortIdVec>
<condition id="20">
<or_exp><and_exp></and_exp></or_exp>
</condition>

<Node id="21" bw="32" op_0_bw="16">
<![CDATA[
:9  %cast1 = zext i16 %in_height_read_1 to i32

]]></Node>
<StgValue><ssdm name="cast1"/></StgValue>
</operation>

<operation id="22" st_id="1" stage="1" lat="1">
<core>DSP48</core>
<MemPortIdVec></MemPortIdVec>
<condition id="20">
<or_exp><and_exp></and_exp></or_exp>
</condition>

<Node id="22" bw="32" op_0_bw="32" op_1_bw="32">
<![CDATA[
:10  %bound = mul i32 %cast1, %cast

]]></Node>
<StgValue><ssdm name="bound"/></StgValue>
</operation>

<operation id="23" st_id="1" stage="1" lat="1">
<core>NULL</core>
<MemPortIdVec></MemPortIdVec>
<condition id="20">
<or_exp><and_exp></and_exp></or_exp>
</condition>

<Node id="23" bw="0" op_0_bw="0">
<![CDATA[
:11  br label %1

]]></Node>
<StgValue><ssdm name=""/></StgValue>
</operation>
</state>

<state id="2" st_id="2">

<operation id="24" st_id="2" stage="1" lat="1">
<core>NULL</core>
<MemPortIdVec></MemPortIdVec>
<condition id="-1">
<or_exp><and_exp></and_exp></or_exp>
</condition>

<Node id="25" bw="32" op_0_bw="32" op_1_bw="0">
<![CDATA[
:0  %indvar_flatten = phi i32 [ 0, %0 ], [ %indvar_flatten_next, %.reset ]

]]></Node>
<StgValue><ssdm name="indvar_flatten"/></StgValue>
</operation>

<operation id="25" st_id="2" stage="1" lat="1">
<core>NULL</core>
<MemPortIdVec></MemPortIdVec>
<condition id="-1">
<or_exp><and_exp></and_exp></or_exp>
</condition>

<Node id="26" bw="16" op_0_bw="16" op_1_bw="0">
<![CDATA[
:1  %x = phi i16 [ 0, %0 ], [ %tmp_3_mid2_v, %.reset ]

]]></Node>
<StgValue><ssdm name="x"/></StgValue>
</operation>

<operation id="26" st_id="2" stage="1" lat="1">
<core>NULL</core>
<MemPortIdVec></MemPortIdVec>
<condition id="-1">
<or_exp><and_exp></and_exp></or_exp>
</condition>

<Node id="27" bw="16" op_0_bw="16" op_1_bw="0">
<![CDATA[
:2  %y = phi i16 [ 0, %0 ], [ %y_1, %.reset ]

]]></Node>
<StgValue><ssdm name="y"/></StgValue>
</operation>

<operation id="27" st_id="2" stage="1" lat="1">
<core>Cmp</core>
<MemPortIdVec></MemPortIdVec>
<condition id="-1">
<or_exp><and_exp></and_exp></or_exp>
</condition>

<Node id="28" bw="1" op_0_bw="32" op_1_bw="32">
<![CDATA[
:3  %exitcond_flatten = icmp eq i32 %indvar_flatten, %bound

]]></Node>
<StgValue><ssdm name="exitcond_flatten"/></StgValue>
</operation>

<operation id="28" st_id="2" stage="1" lat="1">
<core>AddSub</core>
<MemPortIdVec></MemPortIdVec>
<condition id="-1">
<or_exp><and_exp></and_exp></or_exp>
</condition>

<Node id="29" bw="32" op_0_bw="32" op_1_bw="32">
<![CDATA[
:4  %indvar_flatten_next = add i32 %indvar_flatten, 1

]]></Node>
<StgValue><ssdm name="indvar_flatten_next"/></StgValue>
</operation>

<operation id="29" st_id="2" stage="1" lat="1">
<core>NULL</core>
<MemPortIdVec></MemPortIdVec>
<condition id="-1">
<or_exp><and_exp></and_exp></or_exp>
</condition>

<Node id="30" bw="0" op_0_bw="1" op_1_bw="0" op_2_bw="0">
<![CDATA[
:5  br i1 %exitcond_flatten, label %2, label %.reset

]]></Node>
<StgValue><ssdm name=""/></StgValue>
</operation>

<operation id="30" st_id="2" stage="1" lat="1">
<core>AddSub</core>
<MemPortIdVec></MemPortIdVec>
<condition id="0">
<or_exp><and_exp><literal name="exitcond_flatten" val="0"/>
</and_exp></or_exp>
</condition>

<Node id="32" bw="16" op_0_bw="16" op_1_bw="16">
<![CDATA[
.reset:0  %x_1 = add i16 1, %x

]]></Node>
<StgValue><ssdm name="x_1"/></StgValue>
</operation>

<operation id="31" st_id="2" stage="1" lat="1">
<core>Cmp</core>
<MemPortIdVec></MemPortIdVec>
<condition id="0">
<or_exp><and_exp><literal name="exitcond_flatten" val="0"/>
</and_exp></or_exp>
</condition>

<Node id="35" bw="1" op_0_bw="16" op_1_bw="16">
<![CDATA[
.reset:3  %exitcond3 = icmp eq i16 %y, %in_height_read_1

]]></Node>
<StgValue><ssdm name="exitcond3"/></StgValue>
</operation>

<operation id="32" st_id="2" stage="1" lat="1">
<core>Sel</core>
<MemPortIdVec></MemPortIdVec>
<condition id="0">
<or_exp><and_exp><literal name="exitcond_flatten" val="0"/>
</and_exp></or_exp>
</condition>

<Node id="36" bw="16" op_0_bw="1" op_1_bw="16" op_2_bw="16">
<![CDATA[
.reset:4  %y_mid2 = select i1 %exitcond3, i16 0, i16 %y

]]></Node>
<StgValue><ssdm name="y_mid2"/></StgValue>
</operation>

<operation id="33" st_id="2" stage="1" lat="1">
<core>Sel</core>
<MemPortIdVec></MemPortIdVec>
<condition id="0">
<or_exp><and_exp><literal name="exitcond_flatten" val="0"/>
</and_exp></or_exp>
</condition>

<Node id="37" bw="16" op_0_bw="1" op_1_bw="16" op_2_bw="16">
<![CDATA[
.reset:5  %tmp_3_mid2_v = select i1 %exitcond3, i16 %x_1, i16 %x

]]></Node>
<StgValue><ssdm name="tmp_3_mid2_v"/></StgValue>
</operation>

<operation id="34" st_id="2" stage="1" lat="1">
<core>NULL</core>
<MemPortIdVec></MemPortIdVec>
<condition id="0">
<or_exp><and_exp><literal name="exitcond_flatten" val="0"/>
</and_exp></or_exp>
</condition>

<Node id="38" bw="13" op_0_bw="16">
<![CDATA[
.reset:6  %tmp = trunc i16 %tmp_3_mid2_v to i13

]]></Node>
<StgValue><ssdm name="tmp"/></StgValue>
</operation>

<operation id="35" st_id="2" stage="1" lat="1">
<core>NULL</core>
<MemPortIdVec></MemPortIdVec>
<condition id="0">
<or_exp><and_exp><literal name="exitcond_flatten" val="0"/>
</and_exp></or_exp>
</condition>

<Node id="40" bw="15" op_0_bw="16">
<![CDATA[
.reset:8  %tmp_1 = trunc i16 %tmp_3_mid2_v to i15

]]></Node>
<StgValue><ssdm name="tmp_1"/></StgValue>
</operation>
</state>

<state id="3" st_id="3">

<operation id="36" st_id="3" stage="1" lat="1">
<core>NULL</core>
<MemPortIdVec></MemPortIdVec>
<condition id="0">
<or_exp><and_exp><literal name="exitcond_flatten" val="0"/>
</and_exp></or_exp>
</condition>

<Node id="39" bw="23" op_0_bw="23" op_1_bw="13" op_2_bw="10">
<![CDATA[
.reset:7  %p_shl_cast = call i23 @_ssdm_op_BitConcatenate.i23.i13.i10(i13 %tmp, i10 0)

]]></Node>
<StgValue><ssdm name="p_shl_cast"/></StgValue>
</operation>

<operation id="37" st_id="3" stage="1" lat="1">
<core>NULL</core>
<MemPortIdVec></MemPortIdVec>
<condition id="0">
<or_exp><and_exp><literal name="exitcond_flatten" val="0"/>
</and_exp></or_exp>
</condition>

<Node id="41" bw="23" op_0_bw="23" op_1_bw="15" op_2_bw="8">
<![CDATA[
.reset:9  %p_shl1_cast = call i23 @_ssdm_op_BitConcatenate.i23.i15.i8(i15 %tmp_1, i8 0)

]]></Node>
<StgValue><ssdm name="p_shl1_cast"/></StgValue>
</operation>

<operation id="38" st_id="3" stage="1" lat="1">
<core>TAddSub</core>
<MemPortIdVec></MemPortIdVec>
<condition id="0">
<or_exp><and_exp><literal name="exitcond_flatten" val="0"/>
</and_exp></or_exp>
</condition>

<Node id="42" bw="23" op_0_bw="23" op_1_bw="23">
<![CDATA[
.reset:10  %tmp_3 = add i23 %p_shl_cast, %p_shl1_cast

]]></Node>
<StgValue><ssdm name="tmp_3"/></StgValue>
</operation>

<operation id="39" st_id="3" stage="1" lat="1">
<core>NULL</core>
<MemPortIdVec></MemPortIdVec>
<condition id="0">
<or_exp><and_exp><literal name="exitcond_flatten" val="0"/>
</and_exp></or_exp>
</condition>

<Node id="46" bw="23" op_0_bw="16">
<![CDATA[
.reset:14  %tmp_5_cast = zext i16 %y_mid2 to i23

]]></Node>
<StgValue><ssdm name="tmp_5_cast"/></StgValue>
</operation>

<operation id="40" st_id="3" stage="1" lat="1">
<core>TAddSub</core>
<MemPortIdVec></MemPortIdVec>
<condition id="0">
<or_exp><and_exp><literal name="exitcond_flatten" val="0"/>
</and_exp></or_exp>
</condition>

<Node id="47" bw="23" op_0_bw="23" op_1_bw="23">
<![CDATA[
.reset:15  %tmp_5 = add i23 %tmp_5_cast, %tmp_3

]]></Node>
<StgValue><ssdm name="tmp_5"/></StgValue>
</operation>

<operation id="41" st_id="3" stage="1" lat="1">
<core>AddSub</core>
<MemPortIdVec></MemPortIdVec>
<condition id="0">
<or_exp><and_exp><literal name="exitcond_flatten" val="0"/>
</and_exp></or_exp>
</condition>

<Node id="71" bw="16" op_0_bw="16" op_1_bw="16">
<![CDATA[
.reset:39  %y_1 = add i16 1, %y_mid2

]]></Node>
<StgValue><ssdm name="y_1"/></StgValue>
</operation>
</state>

<state id="4" st_id="4">

<operation id="42" st_id="4" stage="1" lat="1">
<core>NULL</core>
<MemPortIdVec></MemPortIdVec>
<condition id="0">
<or_exp><and_exp><literal name="exitcond_flatten" val="0"/>
</and_exp></or_exp>
</condition>

<Node id="48" bw="32" op_0_bw="23">
<![CDATA[
.reset:16  %tmp_10_cast = zext i23 %tmp_5 to i32

]]></Node>
<StgValue><ssdm name="tmp_10_cast"/></StgValue>
</operation>

<operation id="43" st_id="4" stage="1" lat="1">
<core>NULL</core>
<MemPortIdVec></MemPortIdVec>
<condition id="0">
<or_exp><and_exp><literal name="exitcond_flatten" val="0"/>
</and_exp></or_exp>
</condition>

<Node id="49" bw="22" op_0_bw="8" op_1_bw="32" op_2_bw="32">
<![CDATA[
.reset:17  %in_channels_ch1_addr = getelementptr [2457600 x i8]* %in_channels_ch1, i32 0, i32 %tmp_10_cast

]]></Node>
<StgValue><ssdm name="in_channels_ch1_addr"/></StgValue>
</operation>

<operation id="44" st_id="4" stage="1" lat="1">
<core>NULL</core>
<MemPortIdVec></MemPortIdVec>
<condition id="0">
<or_exp><and_exp><literal name="exitcond_flatten" val="0"/>
</and_exp></or_exp>
</condition>

<Node id="50" bw="22" op_0_bw="8" op_1_bw="32" op_2_bw="32">
<![CDATA[
.reset:18  %in_channels_ch2_addr = getelementptr [2457600 x i8]* %in_channels_ch2, i32 0, i32 %tmp_10_cast

]]></Node>
<StgValue><ssdm name="in_channels_ch2_addr"/></StgValue>
</operation>

<operation id="45" st_id="4" stage="1" lat="1">
<core>NULL</core>
<MemPortIdVec></MemPortIdVec>
<condition id="0">
<or_exp><and_exp><literal name="exitcond_flatten" val="0"/>
</and_exp></or_exp>
</condition>

<Node id="51" bw="22" op_0_bw="8" op_1_bw="32" op_2_bw="32">
<![CDATA[
.reset:19  %in_channels_ch3_addr = getelementptr [2457600 x i8]* %in_channels_ch3, i32 0, i32 %tmp_10_cast

]]></Node>
<StgValue><ssdm name="in_channels_ch3_addr"/></StgValue>
</operation>

<operation id="46" st_id="4" stage="4" lat="4">
<core>RAM</core>
<MemPortIdVec>0 </MemPortIdVec>
<condition id="0">
<or_exp><and_exp><literal name="exitcond_flatten" val="0"/>
</and_exp></or_exp>
</condition>

<Node id="55" bw="8" op_0_bw="22">
<![CDATA[
.reset:23  %Y = load i8* %in_channels_ch1_addr, align 1

]]></Node>
<StgValue><ssdm name="Y"/></StgValue>
</operation>

<operation id="47" st_id="4" stage="4" lat="4">
<core>RAM</core>
<MemPortIdVec>0 </MemPortIdVec>
<condition id="0">
<or_exp><and_exp><literal name="exitcond_flatten" val="0"/>
</and_exp></or_exp>
</condition>

<Node id="56" bw="8" op_0_bw="22">
<![CDATA[
.reset:24  %U = load i8* %in_channels_ch2_addr, align 1

]]></Node>
<StgValue><ssdm name="U"/></StgValue>
</operation>

<operation id="48" st_id="4" stage="4" lat="4">
<core>RAM</core>
<MemPortIdVec>0 </MemPortIdVec>
<condition id="0">
<or_exp><and_exp><literal name="exitcond_flatten" val="0"/>
</and_exp></or_exp>
</condition>

<Node id="57" bw="8" op_0_bw="22">
<![CDATA[
.reset:25  %V = load i8* %in_channels_ch3_addr, align 1

]]></Node>
<StgValue><ssdm name="V"/></StgValue>
</operation>
</state>

<state id="5" st_id="5">

<operation id="49" st_id="5" stage="3" lat="4">
<core>RAM</core>
<MemPortIdVec>0 </MemPortIdVec>
<condition id="0">
<or_exp><and_exp><literal name="exitcond_flatten" val="0"/>
</and_exp></or_exp>
</condition>

<Node id="55" bw="8" op_0_bw="22">
<![CDATA[
.reset:23  %Y = load i8* %in_channels_ch1_addr, align 1

]]></Node>
<StgValue><ssdm name="Y"/></StgValue>
</operation>

<operation id="50" st_id="5" stage="3" lat="4">
<core>RAM</core>
<MemPortIdVec>0 </MemPortIdVec>
<condition id="0">
<or_exp><and_exp><literal name="exitcond_flatten" val="0"/>
</and_exp></or_exp>
</condition>

<Node id="56" bw="8" op_0_bw="22">
<![CDATA[
.reset:24  %U = load i8* %in_channels_ch2_addr, align 1

]]></Node>
<StgValue><ssdm name="U"/></StgValue>
</operation>

<operation id="51" st_id="5" stage="3" lat="4">
<core>RAM</core>
<MemPortIdVec>0 </MemPortIdVec>
<condition id="0">
<or_exp><and_exp><literal name="exitcond_flatten" val="0"/>
</and_exp></or_exp>
</condition>

<Node id="57" bw="8" op_0_bw="22">
<![CDATA[
.reset:25  %V = load i8* %in_channels_ch3_addr, align 1

]]></Node>
<StgValue><ssdm name="V"/></StgValue>
</operation>
</state>

<state id="6" st_id="6">

<operation id="52" st_id="6" stage="2" lat="4">
<core>RAM</core>
<MemPortIdVec>0 </MemPortIdVec>
<condition id="0">
<or_exp><and_exp><literal name="exitcond_flatten" val="0"/>
</and_exp></or_exp>
</condition>

<Node id="55" bw="8" op_0_bw="22">
<![CDATA[
.reset:23  %Y = load i8* %in_channels_ch1_addr, align 1

]]></Node>
<StgValue><ssdm name="Y"/></StgValue>
</operation>

<operation id="53" st_id="6" stage="2" lat="4">
<core>RAM</core>
<MemPortIdVec>0 </MemPortIdVec>
<condition id="0">
<or_exp><and_exp><literal name="exitcond_flatten" val="0"/>
</and_exp></or_exp>
</condition>

<Node id="56" bw="8" op_0_bw="22">
<![CDATA[
.reset:24  %U = load i8* %in_channels_ch2_addr, align 1

]]></Node>
<StgValue><ssdm name="U"/></StgValue>
</operation>

<operation id="54" st_id="6" stage="2" lat="4">
<core>RAM</core>
<MemPortIdVec>0 </MemPortIdVec>
<condition id="0">
<or_exp><and_exp><literal name="exitcond_flatten" val="0"/>
</and_exp></or_exp>
</condition>

<Node id="57" bw="8" op_0_bw="22">
<![CDATA[
.reset:25  %V = load i8* %in_channels_ch3_addr, align 1

]]></Node>
<StgValue><ssdm name="V"/></StgValue>
</operation>
</state>

<state id="7" st_id="7">

<operation id="55" st_id="7" stage="1" lat="4">
<core>RAM</core>
<MemPortIdVec>0 </MemPortIdVec>
<condition id="0">
<or_exp><and_exp><literal name="exitcond_flatten" val="0"/>
</and_exp></or_exp>
</condition>

<Node id="55" bw="8" op_0_bw="22">
<![CDATA[
.reset:23  %Y = load i8* %in_channels_ch1_addr, align 1

]]></Node>
<StgValue><ssdm name="Y"/></StgValue>
</operation>

<operation id="56" st_id="7" stage="1" lat="4">
<core>RAM</core>
<MemPortIdVec>0 </MemPortIdVec>
<condition id="0">
<or_exp><and_exp><literal name="exitcond_flatten" val="0"/>
</and_exp></or_exp>
</condition>

<Node id="56" bw="8" op_0_bw="22">
<![CDATA[
.reset:24  %U = load i8* %in_channels_ch2_addr, align 1

]]></Node>
<StgValue><ssdm name="U"/></StgValue>
</operation>

<operation id="57" st_id="7" stage="1" lat="4">
<core>RAM</core>
<MemPortIdVec>0 </MemPortIdVec>
<condition id="0">
<or_exp><and_exp><literal name="exitcond_flatten" val="0"/>
</and_exp></or_exp>
</condition>

<Node id="57" bw="8" op_0_bw="22">
<![CDATA[
.reset:25  %V = load i8* %in_channels_ch3_addr, align 1

]]></Node>
<StgValue><ssdm name="V"/></StgValue>
</operation>
</state>

<state id="8" st_id="8">

<operation id="58" st_id="8" stage="1" lat="1">
<core>NULL</core>
<MemPortIdVec></MemPortIdVec>
<condition id="0">
<or_exp><and_exp><literal name="exitcond_flatten" val="0"/>
</and_exp></or_exp>
</condition>

<Node id="58" bw="15" op_0_bw="8">
<![CDATA[
.reset:26  %tmp_6_cast = zext i8 %Y to i15

]]></Node>
<StgValue><ssdm name="tmp_6_cast"/></StgValue>
</operation>

<operation id="59" st_id="8" stage="1" lat="1">
<core>Mul</core>
<MemPortIdVec></MemPortIdVec>
<condition id="0">
<or_exp><and_exp><literal name="exitcond_flatten" val="0"/>
</and_exp></or_exp>
</condition>

<Node id="59" bw="15" op_0_bw="15" op_1_bw="15">
<![CDATA[
.reset:27  %tmp_7 = mul i15 %tmp_6_cast, %tmp_cast

]]></Node>
<StgValue><ssdm name="tmp_7"/></StgValue>
</operation>

<operation id="60" st_id="8" stage="1" lat="1">
<core>NULL</core>
<MemPortIdVec></MemPortIdVec>
<condition id="0">
<or_exp><and_exp><literal name="exitcond_flatten" val="0"/>
</and_exp></or_exp>
</condition>

<Node id="60" bw="15" op_0_bw="8">
<![CDATA[
.reset:28  %tmp_9_cast = zext i8 %U to i15

]]></Node>
<StgValue><ssdm name="tmp_9_cast"/></StgValue>
</operation>

<operation id="61" st_id="8" stage="1" lat="1">
<core>Mul</core>
<MemPortIdVec></MemPortIdVec>
<condition id="0">
<or_exp><and_exp><literal name="exitcond_flatten" val="0"/>
</and_exp></or_exp>
</condition>

<Node id="61" bw="15" op_0_bw="15" op_1_bw="15">
<![CDATA[
.reset:29  %tmp_s = mul i15 %tmp_9_cast, %tmp_1_cast

]]></Node>
<StgValue><ssdm name="tmp_s"/></StgValue>
</operation>

<operation id="62" st_id="8" stage="1" lat="1">
<core>NULL</core>
<MemPortIdVec></MemPortIdVec>
<condition id="0">
<or_exp><and_exp><literal name="exitcond_flatten" val="0"/>
</and_exp></or_exp>
</condition>

<Node id="62" bw="15" op_0_bw="8">
<![CDATA[
.reset:30  %tmp_4_cast = zext i8 %V to i15

]]></Node>
<StgValue><ssdm name="tmp_4_cast"/></StgValue>
</operation>

<operation id="63" st_id="8" stage="1" lat="1">
<core>Mul</core>
<MemPortIdVec></MemPortIdVec>
<condition id="0">
<or_exp><and_exp><literal name="exitcond_flatten" val="0"/>
</and_exp></or_exp>
</condition>

<Node id="63" bw="15" op_0_bw="15" op_1_bw="15">
<![CDATA[
.reset:31  %tmp_8 = mul i15 %tmp_4_cast, %tmp_2_cast

]]></Node>
<StgValue><ssdm name="tmp_8"/></StgValue>
</operation>

<operation id="64" st_id="8" stage="1" lat="1">
<core>NULL</core>
<MemPortIdVec></MemPortIdVec>
<condition id="0">
<or_exp><and_exp><literal name="exitcond_flatten" val="0"/>
</and_exp></or_exp>
</condition>

<Node id="64" bw="8" op_0_bw="8" op_1_bw="15" op_2_bw="32" op_3_bw="32">
<![CDATA[
.reset:32  %tmp_4 = call i8 @_ssdm_op_PartSelect.i8.i15.i32.i32(i15 %tmp_7, i32 7, i32 14)

]]></Node>
<StgValue><ssdm name="tmp_4"/></StgValue>
</operation>

<operation id="65" st_id="8" stage="1" lat="1">
<core>NULL</core>
<MemPortIdVec></MemPortIdVec>
<condition id="0">
<or_exp><and_exp><literal name="exitcond_flatten" val="0"/>
</and_exp></or_exp>
</condition>

<Node id="66" bw="8" op_0_bw="8" op_1_bw="15" op_2_bw="32" op_3_bw="32">
<![CDATA[
.reset:34  %tmp_6 = call i8 @_ssdm_op_PartSelect.i8.i15.i32.i32(i15 %tmp_s, i32 7, i32 14)

]]></Node>
<StgValue><ssdm name="tmp_6"/></StgValue>
</operation>

<operation id="66" st_id="8" stage="1" lat="1">
<core>NULL</core>
<MemPortIdVec></MemPortIdVec>
<condition id="0">
<or_exp><and_exp><literal name="exitcond_flatten" val="0"/>
</and_exp></or_exp>
</condition>

<Node id="68" bw="8" op_0_bw="8" op_1_bw="15" op_2_bw="32" op_3_bw="32">
<![CDATA[
.reset:36  %tmp_9 = call i8 @_ssdm_op_PartSelect.i8.i15.i32.i32(i15 %tmp_8, i32 7, i32 14)

]]></Node>
<StgValue><ssdm name="tmp_9"/></StgValue>
</operation>
</state>

<state id="9" st_id="9">

<operation id="67" st_id="9" stage="1" lat="1">
<core>NULL</core>
<MemPortIdVec></MemPortIdVec>
<condition id="0">
<or_exp><and_exp><literal name="exitcond_flatten" val="0"/>
</and_exp></or_exp>
</condition>

<Node id="52" bw="22" op_0_bw="8" op_1_bw="32" op_2_bw="32">
<![CDATA[
.reset:20  %out_channels_ch1_add = getelementptr [2457600 x i8]* %out_channels_ch1, i32 0, i32 %tmp_10_cast

]]></Node>
<StgValue><ssdm name="out_channels_ch1_add"/></StgValue>
</operation>

<operation id="68" st_id="9" stage="1" lat="1">
<core>NULL</core>
<MemPortIdVec></MemPortIdVec>
<condition id="0">
<or_exp><and_exp><literal name="exitcond_flatten" val="0"/>
</and_exp></or_exp>
</condition>

<Node id="53" bw="22" op_0_bw="8" op_1_bw="32" op_2_bw="32">
<![CDATA[
.reset:21  %out_channels_ch2_add = getelementptr [2457600 x i8]* %out_channels_ch2, i32 0, i32 %tmp_10_cast

]]></Node>
<StgValue><ssdm name="out_channels_ch2_add"/></StgValue>
</operation>

<operation id="69" st_id="9" stage="1" lat="1">
<core>NULL</core>
<MemPortIdVec></MemPortIdVec>
<condition id="0">
<or_exp><and_exp><literal name="exitcond_flatten" val="0"/>
</and_exp></or_exp>
</condition>

<Node id="54" bw="22" op_0_bw="8" op_1_bw="32" op_2_bw="32">
<![CDATA[
.reset:22  %out_channels_ch3_add = getelementptr [2457600 x i8]* %out_channels_ch3, i32 0, i32 %tmp_10_cast

]]></Node>
<StgValue><ssdm name="out_channels_ch3_add"/></StgValue>
</operation>

<operation id="70" st_id="9" stage="2" lat="2">
<core>RAM</core>
<MemPortIdVec>0 </MemPortIdVec>
<condition id="0">
<or_exp><and_exp><literal name="exitcond_flatten" val="0"/>
</and_exp></or_exp>
</condition>

<Node id="65" bw="0" op_0_bw="8" op_1_bw="22">
<![CDATA[
.reset:33  store i8 %tmp_4, i8* %out_channels_ch1_add, align 1

]]></Node>
<StgValue><ssdm name=""/></StgValue>
</operation>

<operation id="71" st_id="9" stage="2" lat="2">
<core>RAM</core>
<MemPortIdVec>0 </MemPortIdVec>
<condition id="0">
<or_exp><and_exp><literal name="exitcond_flatten" val="0"/>
</and_exp></or_exp>
</condition>

<Node id="67" bw="0" op_0_bw="8" op_1_bw="22">
<![CDATA[
.reset:35  store i8 %tmp_6, i8* %out_channels_ch2_add, align 1

]]></Node>
<StgValue><ssdm name=""/></StgValue>
</operation>

<operation id="72" st_id="9" stage="2" lat="2">
<core>RAM</core>
<MemPortIdVec>0 </MemPortIdVec>
<condition id="0">
<or_exp><and_exp><literal name="exitcond_flatten" val="0"/>
</and_exp></or_exp>
</condition>

<Node id="69" bw="0" op_0_bw="8" op_1_bw="22">
<![CDATA[
.reset:37  store i8 %tmp_9, i8* %out_channels_ch3_add, align 1

]]></Node>
<StgValue><ssdm name=""/></StgValue>
</operation>
</state>

<state id="10" st_id="10">

<operation id="73" st_id="10" stage="1" lat="1">
<core>NULL</core>
<MemPortIdVec></MemPortIdVec>
<condition id="0">
<or_exp><and_exp><literal name="exitcond_flatten" val="0"/>
</and_exp></or_exp>
</condition>

<Node id="33" bw="0" op_0_bw="0" op_1_bw="0">
<![CDATA[
.reset:1  call void (...)* @_ssdm_op_SpecLoopName([34 x i8]* @YUV_SCALE_LOOP_X_YUV)

]]></Node>
<StgValue><ssdm name=""/></StgValue>
</operation>

<operation id="74" st_id="10" stage="1" lat="1">
<core>NULL</core>
<MemPortIdVec></MemPortIdVec>
<condition id="0">
<or_exp><and_exp><literal name="exitcond_flatten" val="0"/>
</and_exp></or_exp>
</condition>

<Node id="34" bw="0" op_0_bw="0" op_1_bw="64" op_2_bw="64" op_3_bw="64">
<![CDATA[
.reset:2  call void (...)* @_ssdm_op_SpecLoopTripCount(i64 40000, i64 2457600, i64 784400)

]]></Node>
<StgValue><ssdm name=""/></StgValue>
</operation>

<operation id="75" st_id="10" stage="1" lat="1">
<core>NULL</core>
<MemPortIdVec></MemPortIdVec>
<condition id="0">
<or_exp><and_exp><literal name="exitcond_flatten" val="0"/>
</and_exp></or_exp>
</condition>

<Node id="43" bw="0" op_0_bw="0" op_1_bw="0">
<![CDATA[
.reset:11  call void (...)* @_ssdm_op_SpecLoopName([17 x i8]* @p_str6) nounwind

]]></Node>
<StgValue><ssdm name=""/></StgValue>
</operation>

<operation id="76" st_id="10" stage="1" lat="1">
<core>NULL</core>
<MemPortIdVec></MemPortIdVec>
<condition id="0">
<or_exp><and_exp><literal name="exitcond_flatten" val="0"/>
</and_exp></or_exp>
</condition>

<Node id="44" bw="32" op_0_bw="32" op_1_bw="0">
<![CDATA[
.reset:12  %tmp_2 = call i32 (...)* @_ssdm_op_SpecRegionBegin([17 x i8]* @p_str6)

]]></Node>
<StgValue><ssdm name="tmp_2"/></StgValue>
</operation>

<operation id="77" st_id="10" stage="1" lat="1">
<core>NULL</core>
<MemPortIdVec></MemPortIdVec>
<condition id="0">
<or_exp><and_exp><literal name="exitcond_flatten" val="0"/>
</and_exp></or_exp>
</condition>

<Node id="45" bw="0" op_0_bw="0" op_1_bw="32" op_2_bw="32" op_3_bw="32" op_4_bw="32" op_5_bw="0">
<![CDATA[
.reset:13  call void (...)* @_ssdm_op_SpecPipeline(i32 -1, i32 1, i32 1, i32 0, [1 x i8]* @p_str1) nounwind

]]></Node>
<StgValue><ssdm name=""/></StgValue>
</operation>

<operation id="78" st_id="10" stage="1" lat="2">
<core>RAM</core>
<MemPortIdVec>0 </MemPortIdVec>
<condition id="0">
<or_exp><and_exp><literal name="exitcond_flatten" val="0"/>
</and_exp></or_exp>
</condition>

<Node id="65" bw="0" op_0_bw="8" op_1_bw="22">
<![CDATA[
.reset:33  store i8 %tmp_4, i8* %out_channels_ch1_add, align 1

]]></Node>
<StgValue><ssdm name=""/></StgValue>
</operation>

<operation id="79" st_id="10" stage="1" lat="2">
<core>RAM</core>
<MemPortIdVec>0 </MemPortIdVec>
<condition id="0">
<or_exp><and_exp><literal name="exitcond_flatten" val="0"/>
</and_exp></or_exp>
</condition>

<Node id="67" bw="0" op_0_bw="8" op_1_bw="22">
<![CDATA[
.reset:35  store i8 %tmp_6, i8* %out_channels_ch2_add, align 1

]]></Node>
<StgValue><ssdm name=""/></StgValue>
</operation>

<operation id="80" st_id="10" stage="1" lat="2">
<core>RAM</core>
<MemPortIdVec>0 </MemPortIdVec>
<condition id="0">
<or_exp><and_exp><literal name="exitcond_flatten" val="0"/>
</and_exp></or_exp>
</condition>

<Node id="69" bw="0" op_0_bw="8" op_1_bw="22">
<![CDATA[
.reset:37  store i8 %tmp_9, i8* %out_channels_ch3_add, align 1

]]></Node>
<StgValue><ssdm name=""/></StgValue>
</operation>

<operation id="81" st_id="10" stage="1" lat="1">
<core>NULL</core>
<MemPortIdVec></MemPortIdVec>
<condition id="0">
<or_exp><and_exp><literal name="exitcond_flatten" val="0"/>
</and_exp></or_exp>
</condition>

<Node id="70" bw="32" op_0_bw="32" op_1_bw="0" op_2_bw="32">
<![CDATA[
.reset:38  %empty = call i32 (...)* @_ssdm_op_SpecRegionEnd([17 x i8]* @p_str6, i32 %tmp_2)

]]></Node>
<StgValue><ssdm name="empty"/></StgValue>
</operation>

<operation id="82" st_id="10" stage="1" lat="1">
<core>NULL</core>
<MemPortIdVec></MemPortIdVec>
<condition id="0">
<or_exp><and_exp><literal name="exitcond_flatten" val="0"/>
</and_exp></or_exp>
</condition>

<Node id="72" bw="0" op_0_bw="0">
<![CDATA[
.reset:40  br label %1

]]></Node>
<StgValue><ssdm name=""/></StgValue>
</operation>
</state>

<state id="11" st_id="11">

<operation id="83" st_id="11" stage="1" lat="1">
<core>NULL</core>
<MemPortIdVec></MemPortIdVec>
<condition id="21">
<or_exp><and_exp></and_exp></or_exp>
</condition>

<Node id="74" bw="32" op_0_bw="32" op_1_bw="16">
<![CDATA[
:0  %mrv = insertvalue { i16, i16 } undef, i16 %in_width_read_1, 0

]]></Node>
<StgValue><ssdm name="mrv"/></StgValue>
</operation>

<operation id="84" st_id="11" stage="1" lat="1">
<core>NULL</core>
<MemPortIdVec></MemPortIdVec>
<condition id="21">
<or_exp><and_exp></and_exp></or_exp>
</condition>

<Node id="75" bw="32" op_0_bw="32" op_1_bw="16">
<![CDATA[
:1  %mrv_1 = insertvalue { i16, i16 } %mrv, i16 %in_height_read_1, 1

]]></Node>
<StgValue><ssdm name="mrv_1"/></StgValue>
</operation>

<operation id="85" st_id="11" stage="1" lat="1">
<core>NULL</core>
<MemPortIdVec></MemPortIdVec>
<condition id="21">
<or_exp><and_exp></and_exp></or_exp>
</condition>

<Node id="76" bw="0" op_0_bw="32">
<![CDATA[
:2  ret { i16, i16 } %mrv_1

]]></Node>
<StgValue><ssdm name=""/></StgValue>
</operation>
</state>
</state_list>


<ports>
<port id="109" name="in_channels_ch1" dir="0" iftype="1">
<core>RAM</core><StgValue><ssdm name="in_channels_ch1"/><MemPortTyVec>1 3 </MemPortTyVec>
</StgValue>
</port>
<port id="110" name="in_channels_ch2" dir="0" iftype="1">
<core>RAM</core><StgValue><ssdm name="in_channels_ch2"/><MemPortTyVec>1 3 </MemPortTyVec>
</StgValue>
</port>
<port id="111" name="in_channels_ch3" dir="0" iftype="1">
<core>RAM</core><StgValue><ssdm name="in_channels_ch3"/><MemPortTyVec>1 3 </MemPortTyVec>
</StgValue>
</port>
<port id="112" name="in_width_read" dir="0" iftype="0">
<core>NULL</core><StgValue><ssdm name="in_width_read"/></StgValue>
</port>
<port id="113" name="in_height_read" dir="0" iftype="0">
<core>NULL</core><StgValue><ssdm name="in_height_read"/></StgValue>
</port>
<port id="114" name="out_channels_ch1" dir="1" iftype="1">
<core>RAM</core><StgValue><ssdm name="out_channels_ch1"/><MemPortTyVec>0 3 </MemPortTyVec>
</StgValue>
</port>
<port id="115" name="out_channels_ch2" dir="1" iftype="1">
<core>RAM</core><StgValue><ssdm name="out_channels_ch2"/><MemPortTyVec>0 3 </MemPortTyVec>
</StgValue>
</port>
<port id="116" name="out_channels_ch3" dir="1" iftype="1">
<core>RAM</core><StgValue><ssdm name="out_channels_ch3"/><MemPortTyVec>0 3 </MemPortTyVec>
</StgValue>
</port>
<port id="117" name="Y_scale" dir="0" iftype="0">
<core>NULL</core><StgValue><ssdm name="Y_scale"/></StgValue>
</port>
<port id="118" name="U_scale" dir="0" iftype="0">
<core>NULL</core><StgValue><ssdm name="U_scale"/></StgValue>
</port>
<port id="119" name="V_scale" dir="0" iftype="0">
<core>NULL</core><StgValue><ssdm name="V_scale"/></StgValue>
</port>
</ports>


<dataflows>
<dataflow id="121" from="_ssdm_op_Read.ap_auto.i8" to="V_scale_read" fromId="120" toId="12">
</dataflow>
<dataflow id="122" from="V_scale" to="V_scale_read" fromId="119" toId="12">
</dataflow>
<dataflow id="123" from="_ssdm_op_Read.ap_auto.i8" to="U_scale_read" fromId="120" toId="13">
</dataflow>
<dataflow id="124" from="U_scale" to="U_scale_read" fromId="118" toId="13">
</dataflow>
<dataflow id="125" from="_ssdm_op_Read.ap_auto.i8" to="Y_scale_read" fromId="120" toId="14">
</dataflow>
<dataflow id="126" from="Y_scale" to="Y_scale_read" fromId="117" toId="14">
</dataflow>
<dataflow id="128" from="_ssdm_op_Read.ap_auto.i16" to="in_height_read_1" fromId="127" toId="15">
</dataflow>
<dataflow id="129" from="in_height_read" to="in_height_read_1" fromId="113" toId="15">
</dataflow>
<dataflow id="130" from="_ssdm_op_Read.ap_auto.i16" to="in_width_read_1" fromId="127" toId="16">
</dataflow>
<dataflow id="131" from="in_width_read" to="in_width_read_1" fromId="112" toId="16">
</dataflow>
<dataflow id="132" from="Y_scale_read" to="tmp_cast" fromId="14" toId="17">
</dataflow>
<dataflow id="133" from="U_scale_read" to="tmp_1_cast" fromId="13" toId="18">
</dataflow>
<dataflow id="134" from="V_scale_read" to="tmp_2_cast" fromId="12" toId="19">
</dataflow>
<dataflow id="135" from="in_width_read_1" to="cast" fromId="16" toId="20">
</dataflow>
<dataflow id="136" from="in_height_read_1" to="cast1" fromId="15" toId="21">
</dataflow>
<dataflow id="137" from="cast1" to="bound" fromId="21" toId="22">
</dataflow>
<dataflow id="138" from="cast" to="bound" fromId="20" toId="22">
</dataflow>
<dataflow id="140" from="StgValue_139" to="indvar_flatten" fromId="139" toId="24">
<condition id="58">
<or_exp><and_exp></and_exp></or_exp>
</condition>
</dataflow>
<dataflow id="141" from="StgValue_23" to="indvar_flatten" fromId="23" toId="24">
</dataflow>
<dataflow id="142" from="indvar_flatten_next" to="indvar_flatten" fromId="28" toId="24">
<BackEdge/>
<condition id="59">
<or_exp><and_exp><literal name="exitcond_flatten" val="0"/>
</and_exp></or_exp>
</condition>
</dataflow>
<dataflow id="143" from="StgValue_82" to="indvar_flatten" fromId="82" toId="24">
<BackEdge/>
</dataflow>
<dataflow id="145" from="StgValue_144" to="x" fromId="144" toId="25">
<condition id="60">
<or_exp><and_exp></and_exp></or_exp>
</condition>
</dataflow>
<dataflow id="146" from="StgValue_23" to="x" fromId="23" toId="25">
</dataflow>
<dataflow id="147" from="tmp_3_mid2_v" to="x" fromId="33" toId="25">
<BackEdge/>
<condition id="61">
<or_exp><and_exp><literal name="exitcond_flatten" val="0"/>
</and_exp></or_exp>
</condition>
</dataflow>
<dataflow id="148" from="StgValue_82" to="x" fromId="82" toId="25">
<BackEdge/>
</dataflow>
<dataflow id="149" from="StgValue_144" to="y" fromId="144" toId="26">
<condition id="62">
<or_exp><and_exp></and_exp></or_exp>
</condition>
</dataflow>
<dataflow id="150" from="StgValue_23" to="y" fromId="23" toId="26">
</dataflow>
<dataflow id="151" from="y_1" to="y" fromId="41" toId="26">
<BackEdge/>
<condition id="63">
<or_exp><and_exp><literal name="exitcond_flatten" val="0"/>
</and_exp></or_exp>
</condition>
</dataflow>
<dataflow id="152" from="StgValue_82" to="y" fromId="82" toId="26">
<BackEdge/>
</dataflow>
<dataflow id="153" from="indvar_flatten" to="exitcond_flatten" fromId="24" toId="27">
</dataflow>
<dataflow id="154" from="bound" to="exitcond_flatten" fromId="22" toId="27">
</dataflow>
<dataflow id="155" from="indvar_flatten" to="indvar_flatten_next" fromId="24" toId="28">
</dataflow>
<dataflow id="157" from="StgValue_156" to="indvar_flatten_next" fromId="156" toId="28">
</dataflow>
<dataflow id="158" from="exitcond_flatten" to="StgValue_29" fromId="27" toId="29">
</dataflow>
<dataflow id="160" from="StgValue_159" to="x_1" fromId="159" toId="30">
</dataflow>
<dataflow id="161" from="x" to="x_1" fromId="25" toId="30">
</dataflow>
<dataflow id="162" from="y" to="exitcond3" fromId="26" toId="31">
</dataflow>
<dataflow id="163" from="in_height_read_1" to="exitcond3" fromId="15" toId="31">
</dataflow>
<dataflow id="164" from="exitcond3" to="y_mid2" fromId="31" toId="32">
</dataflow>
<dataflow id="165" from="StgValue_144" to="y_mid2" fromId="144" toId="32">
</dataflow>
<dataflow id="166" from="y" to="y_mid2" fromId="26" toId="32">
</dataflow>
<dataflow id="167" from="exitcond3" to="tmp_3_mid2_v" fromId="31" toId="33">
</dataflow>
<dataflow id="168" from="x_1" to="tmp_3_mid2_v" fromId="30" toId="33">
</dataflow>
<dataflow id="169" from="x" to="tmp_3_mid2_v" fromId="25" toId="33">
</dataflow>
<dataflow id="170" from="tmp_3_mid2_v" to="tmp" fromId="33" toId="34">
</dataflow>
<dataflow id="171" from="tmp_3_mid2_v" to="tmp_1" fromId="33" toId="35">
</dataflow>
<dataflow id="173" from="_ssdm_op_BitConcatenate.i23.i13.i10" to="p_shl_cast" fromId="172" toId="36">
</dataflow>
<dataflow id="174" from="tmp" to="p_shl_cast" fromId="34" toId="36">
</dataflow>
<dataflow id="176" from="StgValue_175" to="p_shl_cast" fromId="175" toId="36">
</dataflow>
<dataflow id="178" from="_ssdm_op_BitConcatenate.i23.i15.i8" to="p_shl1_cast" fromId="177" toId="37">
</dataflow>
<dataflow id="179" from="tmp_1" to="p_shl1_cast" fromId="35" toId="37">
</dataflow>
<dataflow id="181" from="StgValue_180" to="p_shl1_cast" fromId="180" toId="37">
</dataflow>
<dataflow id="182" from="p_shl_cast" to="tmp_3" fromId="36" toId="38">
</dataflow>
<dataflow id="183" from="p_shl1_cast" to="tmp_3" fromId="37" toId="38">
</dataflow>
<dataflow id="184" from="y_mid2" to="tmp_5_cast" fromId="32" toId="39">
</dataflow>
<dataflow id="185" from="tmp_5_cast" to="tmp_5" fromId="39" toId="40">
</dataflow>
<dataflow id="186" from="tmp_3" to="tmp_5" fromId="38" toId="40">
</dataflow>
<dataflow id="187" from="StgValue_159" to="y_1" fromId="159" toId="41">
</dataflow>
<dataflow id="188" from="y_mid2" to="y_1" fromId="32" toId="41">
</dataflow>
<dataflow id="189" from="tmp_5" to="tmp_10_cast" fromId="40" toId="42">
</dataflow>
<dataflow id="190" from="in_channels_ch1" to="in_channels_ch1_addr" fromId="109" toId="43">
</dataflow>
<dataflow id="191" from="StgValue_139" to="in_channels_ch1_addr" fromId="139" toId="43">
</dataflow>
<dataflow id="192" from="tmp_10_cast" to="in_channels_ch1_addr" fromId="42" toId="43">
</dataflow>
<dataflow id="193" from="in_channels_ch2" to="in_channels_ch2_addr" fromId="110" toId="44">
</dataflow>
<dataflow id="194" from="StgValue_139" to="in_channels_ch2_addr" fromId="139" toId="44">
</dataflow>
<dataflow id="195" from="tmp_10_cast" to="in_channels_ch2_addr" fromId="42" toId="44">
</dataflow>
<dataflow id="196" from="in_channels_ch3" to="in_channels_ch3_addr" fromId="111" toId="45">
</dataflow>
<dataflow id="197" from="StgValue_139" to="in_channels_ch3_addr" fromId="139" toId="45">
</dataflow>
<dataflow id="198" from="tmp_10_cast" to="in_channels_ch3_addr" fromId="42" toId="45">
</dataflow>
<dataflow id="199" from="in_channels_ch1_addr" to="Y" fromId="43" toId="46">
</dataflow>
<dataflow id="200" from="in_channels_ch2_addr" to="U" fromId="44" toId="47">
</dataflow>
<dataflow id="201" from="in_channels_ch3_addr" to="V" fromId="45" toId="48">
</dataflow>
<dataflow id="202" from="in_channels_ch1_addr" to="Y" fromId="43" toId="49">
</dataflow>
<dataflow id="203" from="in_channels_ch2_addr" to="U" fromId="44" toId="50">
</dataflow>
<dataflow id="204" from="in_channels_ch3_addr" to="V" fromId="45" toId="51">
</dataflow>
<dataflow id="205" from="in_channels_ch1_addr" to="Y" fromId="43" toId="52">
</dataflow>
<dataflow id="206" from="in_channels_ch2_addr" to="U" fromId="44" toId="53">
</dataflow>
<dataflow id="207" from="in_channels_ch3_addr" to="V" fromId="45" toId="54">
</dataflow>
<dataflow id="208" from="in_channels_ch1_addr" to="Y" fromId="43" toId="55">
</dataflow>
<dataflow id="209" from="in_channels_ch2_addr" to="U" fromId="44" toId="56">
</dataflow>
<dataflow id="210" from="in_channels_ch3_addr" to="V" fromId="45" toId="57">
</dataflow>
<dataflow id="211" from="Y" to="tmp_6_cast" fromId="55" toId="58">
</dataflow>
<dataflow id="212" from="tmp_6_cast" to="tmp_7" fromId="58" toId="59">
</dataflow>
<dataflow id="213" from="tmp_cast" to="tmp_7" fromId="17" toId="59">
</dataflow>
<dataflow id="214" from="U" to="tmp_9_cast" fromId="56" toId="60">
</dataflow>
<dataflow id="215" from="tmp_9_cast" to="tmp_s" fromId="60" toId="61">
</dataflow>
<dataflow id="216" from="tmp_1_cast" to="tmp_s" fromId="18" toId="61">
</dataflow>
<dataflow id="217" from="V" to="tmp_4_cast" fromId="57" toId="62">
</dataflow>
<dataflow id="218" from="tmp_4_cast" to="tmp_8" fromId="62" toId="63">
</dataflow>
<dataflow id="219" from="tmp_2_cast" to="tmp_8" fromId="19" toId="63">
</dataflow>
<dataflow id="221" from="_ssdm_op_PartSelect.i8.i15.i32.i32" to="tmp_4" fromId="220" toId="64">
</dataflow>
<dataflow id="222" from="tmp_7" to="tmp_4" fromId="59" toId="64">
</dataflow>
<dataflow id="224" from="StgValue_223" to="tmp_4" fromId="223" toId="64">
</dataflow>
<dataflow id="226" from="StgValue_225" to="tmp_4" fromId="225" toId="64">
</dataflow>
<dataflow id="227" from="_ssdm_op_PartSelect.i8.i15.i32.i32" to="tmp_6" fromId="220" toId="65">
</dataflow>
<dataflow id="228" from="tmp_s" to="tmp_6" fromId="61" toId="65">
</dataflow>
<dataflow id="229" from="StgValue_223" to="tmp_6" fromId="223" toId="65">
</dataflow>
<dataflow id="230" from="StgValue_225" to="tmp_6" fromId="225" toId="65">
</dataflow>
<dataflow id="231" from="_ssdm_op_PartSelect.i8.i15.i32.i32" to="tmp_9" fromId="220" toId="66">
</dataflow>
<dataflow id="232" from="tmp_8" to="tmp_9" fromId="63" toId="66">
</dataflow>
<dataflow id="233" from="StgValue_223" to="tmp_9" fromId="223" toId="66">
</dataflow>
<dataflow id="234" from="StgValue_225" to="tmp_9" fromId="225" toId="66">
</dataflow>
<dataflow id="235" from="out_channels_ch1" to="out_channels_ch1_add" fromId="114" toId="67">
</dataflow>
<dataflow id="236" from="StgValue_139" to="out_channels_ch1_add" fromId="139" toId="67">
</dataflow>
<dataflow id="237" from="tmp_10_cast" to="out_channels_ch1_add" fromId="42" toId="67">
</dataflow>
<dataflow id="238" from="out_channels_ch2" to="out_channels_ch2_add" fromId="115" toId="68">
</dataflow>
<dataflow id="239" from="StgValue_139" to="out_channels_ch2_add" fromId="139" toId="68">
</dataflow>
<dataflow id="240" from="tmp_10_cast" to="out_channels_ch2_add" fromId="42" toId="68">
</dataflow>
<dataflow id="241" from="out_channels_ch3" to="out_channels_ch3_add" fromId="116" toId="69">
</dataflow>
<dataflow id="242" from="StgValue_139" to="out_channels_ch3_add" fromId="139" toId="69">
</dataflow>
<dataflow id="243" from="tmp_10_cast" to="out_channels_ch3_add" fromId="42" toId="69">
</dataflow>
<dataflow id="244" from="tmp_4" to="StgValue_70" fromId="64" toId="70">
</dataflow>
<dataflow id="245" from="out_channels_ch1_add" to="StgValue_70" fromId="67" toId="70">
</dataflow>
<dataflow id="246" from="tmp_6" to="StgValue_71" fromId="65" toId="71">
</dataflow>
<dataflow id="247" from="out_channels_ch2_add" to="StgValue_71" fromId="68" toId="71">
</dataflow>
<dataflow id="248" from="tmp_9" to="StgValue_72" fromId="66" toId="72">
</dataflow>
<dataflow id="249" from="out_channels_ch3_add" to="StgValue_72" fromId="69" toId="72">
</dataflow>
<dataflow id="251" from="_ssdm_op_SpecLoopName" to="StgValue_73" fromId="250" toId="73">
</dataflow>
<dataflow id="253" from="YUV_SCALE_LOOP_X_YUV" to="StgValue_73" fromId="252" toId="73">
</dataflow>
<dataflow id="255" from="_ssdm_op_SpecLoopTripCount" to="StgValue_74" fromId="254" toId="74">
</dataflow>
<dataflow id="257" from="StgValue_256" to="StgValue_74" fromId="256" toId="74">
</dataflow>
<dataflow id="259" from="StgValue_258" to="StgValue_74" fromId="258" toId="74">
</dataflow>
<dataflow id="261" from="StgValue_260" to="StgValue_74" fromId="260" toId="74">
</dataflow>
<dataflow id="262" from="_ssdm_op_SpecLoopName" to="StgValue_75" fromId="250" toId="75">
</dataflow>
<dataflow id="264" from="p_str6" to="StgValue_75" fromId="263" toId="75">
</dataflow>
<dataflow id="266" from="_ssdm_op_SpecRegionBegin" to="tmp_2" fromId="265" toId="76">
</dataflow>
<dataflow id="267" from="p_str6" to="tmp_2" fromId="263" toId="76">
</dataflow>
<dataflow id="269" from="_ssdm_op_SpecPipeline" to="StgValue_77" fromId="268" toId="77">
</dataflow>
<dataflow id="271" from="StgValue_270" to="StgValue_77" fromId="270" toId="77">
</dataflow>
<dataflow id="272" from="StgValue_156" to="StgValue_77" fromId="156" toId="77">
</dataflow>
<dataflow id="273" from="StgValue_156" to="StgValue_77" fromId="156" toId="77">
</dataflow>
<dataflow id="274" from="StgValue_139" to="StgValue_77" fromId="139" toId="77">
</dataflow>
<dataflow id="276" from="p_str1" to="StgValue_77" fromId="275" toId="77">
</dataflow>
<dataflow id="277" from="tmp_4" to="StgValue_78" fromId="64" toId="78">
</dataflow>
<dataflow id="278" from="out_channels_ch1_add" to="StgValue_78" fromId="67" toId="78">
</dataflow>
<dataflow id="279" from="tmp_6" to="StgValue_79" fromId="65" toId="79">
</dataflow>
<dataflow id="280" from="out_channels_ch2_add" to="StgValue_79" fromId="68" toId="79">
</dataflow>
<dataflow id="281" from="tmp_9" to="StgValue_80" fromId="66" toId="80">
</dataflow>
<dataflow id="282" from="out_channels_ch3_add" to="StgValue_80" fromId="69" toId="80">
</dataflow>
<dataflow id="284" from="_ssdm_op_SpecRegionEnd" to="empty" fromId="283" toId="81">
</dataflow>
<dataflow id="285" from="p_str6" to="empty" fromId="263" toId="81">
</dataflow>
<dataflow id="286" from="tmp_2" to="empty" fromId="76" toId="81">
</dataflow>
<dataflow id="288" from="StgValue_287" to="mrv" fromId="287" toId="83">
</dataflow>
<dataflow id="289" from="in_width_read_1" to="mrv" fromId="16" toId="83">
</dataflow>
<dataflow id="290" from="mrv" to="mrv_1" fromId="83" toId="84">
</dataflow>
<dataflow id="291" from="in_height_read_1" to="mrv_1" fromId="15" toId="84">
</dataflow>
<dataflow id="292" from="mrv_1" to="StgValue_85" fromId="84" toId="85">
</dataflow>
<dataflow id="293" from="exitcond_flatten" to="StgValue_2" fromId="27" toId="2">
</dataflow>
<dataflow id="294" from="exitcond_flatten" to="StgValue_3" fromId="27" toId="3">
</dataflow>
<dataflow id="295" from="exitcond_flatten" to="StgValue_4" fromId="27" toId="4">
</dataflow>
<dataflow id="296" from="exitcond_flatten" to="StgValue_5" fromId="27" toId="5">
</dataflow>
<dataflow id="297" from="exitcond_flatten" to="StgValue_6" fromId="27" toId="6">
</dataflow>
<dataflow id="298" from="exitcond_flatten" to="StgValue_7" fromId="27" toId="7">
</dataflow>
<dataflow id="299" from="exitcond_flatten" to="StgValue_8" fromId="27" toId="8">
</dataflow>
<dataflow id="300" from="exitcond_flatten" to="StgValue_9" fromId="27" toId="9">
</dataflow>
<dataflow id="301" from="exitcond_flatten" to="StgValue_10" fromId="27" toId="10">
</dataflow>
</dataflows>


</stg>
