<profile>

<section name = "Vivado HLS Report for 'yuv_scale'" level="0">
<item name = "Date">Wed Apr 19 16:04:20 2023
</item>
<item name = "Version">2017.2 (Build 1909853 on Thu Jun 15 18:55:24 MDT 2017)</item>
<item name = "Project">yuv_filter.prj</item>
<item name = "Solution">solution2</item>
<item name = "Product family">zynq</item>
<item name = "Target device">xc7z010clg400-1</item>
</section>

<section name = "Performance Estimates" level="0">
<item name = "Timing (ns)">
<section name = "" level="1">
<item name = "Summary"><table name="" hasTotal="0">
<keys size="4">Clock, Target, Estimated, Uncertainty</keys>
<column name="ap_clk">8.00, 6.43, 1.00</column>
</table>
</item>
</section>
</item>
<item name = "Latency (clock cycles)">
<section name = "" level="1">
<item name = "Summary"><table name="" hasTotal="0">
<keys size="6">, min, max, min, max, Type</keys>
<column name="">40009, 2457609, 40009, 2457609, none</column>
</table>
</item>
<item name = "Detail">
<section name = "" level="1">
<item name = "Instance"><table name="" hasTotal="0">
<keys size="7">Instance, Module, min, max, min, max, Type</keys>
</table>
</item>
<item name = "Loop"><table name="" hasTotal="0">
<keys size="8">Loop Name, min, max, Latency, achieved, target, Count, Pipelined</keys>
<column name="- YUV_SCALE_LOOP_X_YUV_SCALE_LOOP_Y">40007, 2457607, 9, 1, 1, 40000 ~ 2457600, yes</column>
</table>
</item>
</section>
</item>
</section>
</item>
</section>

<section name = "Utilization Estimates" level="0">
<item name = "Summary"><table name="" hasTotal="1">
<keys size="5">Name, BRAM_18K, DSP48E, FF, LUT</keys>
<column name="DSP">-, 1, -, -</column>
<column name="Expression">-, 0, 207, 371</column>
<column name="FIFO">-, -, -, -</column>
<column name="Instance">-, -, -, -</column>
<column name="Memory">-, -, -, -</column>
<column name="Multiplexer">-, -, -, 84</column>
<column name="Register">-, -, 415, 64</column>
<specialColumn name="Available">120, 80, 35200, 17600</specialColumn>
<specialColumn name="Utilization (%)">0, 1, 1, 2</specialColumn>
</table>
</item>
<item name = "Detail">
<section name = "" level="1">
<item name = "Instance"><table name="" hasTotal="1">
<keys size="6">Instance, Module, BRAM_18K, DSP48E, FF, LUT</keys>
</table>
</item>
<item name = "DSP48"><table name="" hasTotal="0">
<keys size="3">Instance, Module, Expression</keys>
<column name="yuv_filter_mul_mubkb_x_U12">yuv_filter_mul_mubkb, i0 * i1</column>
</table>
</item>
<item name = "Memory"><table name="" hasTotal="1">
<keys size="9">Memory, Module, BRAM_18K, FF, LUT, Words, Bits, Banks, W*Bits*Banks</keys>
</table>
</item>
<item name = "FIFO"><table name="" hasTotal="1">
<keys size="7">Name, BRAM_18K, FF, LUT, Depth, Bits, Size:D*B</keys>
</table>
</item>
<item name = "Expression"><table name="" hasTotal="1">
<keys size="7">Variable Name, Operation, DSP48E, FF, LUT, Bitwidth P0, Bitwidth P1</keys>
<column name="tmp_7_fu_318_p2">*, 0, 0, 62, 8, 8</column>
<column name="tmp_8_fu_334_p2">*, 0, 0, 62, 8, 8</column>
<column name="tmp_s_fu_326_p2">*, 0, 0, 62, 8, 8</column>
<column name="indvar_flatten_next_fu_234_p2">+, 0, 101, 37, 32, 1</column>
<column name="tmp_3_fu_289_p2">+, 0, 0, 23, 23, 23</column>
<column name="tmp_5_fu_298_p2">+, 0, 0, 23, 23, 23</column>
<column name="x_1_fu_240_p2">+, 0, 53, 21, 1, 16</column>
<column name="y_1_fu_304_p2">+, 0, 53, 21, 1, 16</column>
<column name="exitcond3_fu_246_p2">icmp, 0, 0, 8, 16, 16</column>
<column name="exitcond_flatten_fu_229_p2">icmp, 0, 0, 16, 32, 32</column>
<column name="tmp_3_mid2_v_fu_259_p3">select, 0, 0, 16, 1, 16</column>
<column name="y_mid2_fu_251_p3">select, 0, 0, 16, 1, 1</column>
<column name="ap_enable_pp0">xor, 0, 0, 2, 1, 2</column>
<column name="ap_enable_reg_pp0_iter1">xor, 0, 0, 2, 1, 2</column>
</table>
</item>
<item name = "Multiplexer"><table name="" hasTotal="1">
<keys size="5">Name, LUT, Input Size, Bits, Total Bits</keys>
<column name="ap_NS_fsm">21, 4, 1, 4</column>
<column name="ap_enable_reg_pp0_iter1">9, 2, 1, 2</column>
<column name="ap_enable_reg_pp0_iter8">9, 2, 1, 2</column>
<column name="indvar_flatten_reg_176">9, 2, 32, 64</column>
<column name="x_phi_fu_191_p4">9, 2, 16, 32</column>
<column name="x_reg_187">9, 2, 16, 32</column>
<column name="y_phi_fu_202_p4">9, 2, 16, 32</column>
<column name="y_reg_198">9, 2, 16, 32</column>
</table>
</item>
<item name = "Register"><table name="" hasTotal="1">
<keys size="5">Name, FF, LUT, Bits, Const Bits</keys>
<column name="U_reg_483">8, 0, 8, 0</column>
<column name="V_reg_488">8, 0, 8, 0</column>
<column name="Y_reg_478">8, 0, 8, 0</column>
<column name="ap_CS_fsm">3, 0, 3, 0</column>
<column name="ap_enable_reg_pp0_iter0">1, 0, 1, 0</column>
<column name="ap_enable_reg_pp0_iter1">1, 0, 1, 0</column>
<column name="ap_enable_reg_pp0_iter2">1, 0, 1, 0</column>
<column name="ap_enable_reg_pp0_iter3">1, 0, 1, 0</column>
<column name="ap_enable_reg_pp0_iter4">1, 0, 1, 0</column>
<column name="ap_enable_reg_pp0_iter5">1, 0, 1, 0</column>
<column name="ap_enable_reg_pp0_iter6">1, 0, 1, 0</column>
<column name="ap_enable_reg_pp0_iter7">1, 0, 1, 0</column>
<column name="ap_enable_reg_pp0_iter8">1, 0, 1, 0</column>
<column name="bound_reg_411">32, 0, 32, 0</column>
<column name="exitcond_flatten_reg_416">1, 0, 1, 0</column>
<column name="indvar_flatten_reg_176">32, 0, 32, 0</column>
<column name="tmp_10_cast_reg_456">23, 0, 32, 9</column>
<column name="tmp_1_cast_reg_401">8, 0, 15, 7</column>
<column name="tmp_1_reg_441">15, 0, 15, 0</column>
<column name="tmp_2_cast_reg_406">8, 0, 15, 7</column>
<column name="tmp_3_mid2_v_reg_431">16, 0, 16, 0</column>
<column name="tmp_4_reg_493">8, 0, 8, 0</column>
<column name="tmp_5_reg_446">23, 0, 23, 0</column>
<column name="tmp_6_reg_498">8, 0, 8, 0</column>
<column name="tmp_9_reg_503">8, 0, 8, 0</column>
<column name="tmp_cast_reg_396">8, 0, 15, 7</column>
<column name="tmp_reg_436">13, 0, 13, 0</column>
<column name="x_reg_187">16, 0, 16, 0</column>
<column name="y_mid2_reg_425">16, 0, 16, 0</column>
<column name="y_reg_198">16, 0, 16, 0</column>
<column name="exitcond_flatten_reg_416">64, 32, 1, 0</column>
<column name="tmp_10_cast_reg_456">64, 32, 32, 9</column>
</table>
</item>
</section>
</item>
</section>

<section name = "Interface" level="0">
<item name = "Summary"><table name="" hasTotal="0">
<keys size="6">RTL Ports, Dir, Bits, Protocol, Source Object, C Type</keys>
<column name="ap_clk">in, 1, ap_ctrl_hs, yuv_scale, return value</column>
<column name="ap_rst">in, 1, ap_ctrl_hs, yuv_scale, return value</column>
<column name="ap_start">in, 1, ap_ctrl_hs, yuv_scale, return value</column>
<column name="ap_done">out, 1, ap_ctrl_hs, yuv_scale, return value</column>
<column name="ap_idle">out, 1, ap_ctrl_hs, yuv_scale, return value</column>
<column name="ap_ready">out, 1, ap_ctrl_hs, yuv_scale, return value</column>
<column name="ap_return_0">out, 16, ap_ctrl_hs, yuv_scale, return value</column>
<column name="ap_return_1">out, 16, ap_ctrl_hs, yuv_scale, return value</column>
<column name="in_channels_ch1_address0">out, 22, ap_memory, in_channels_ch1, array</column>
<column name="in_channels_ch1_ce0">out, 1, ap_memory, in_channels_ch1, array</column>
<column name="in_channels_ch1_q0">in, 8, ap_memory, in_channels_ch1, array</column>
<column name="in_channels_ch2_address0">out, 22, ap_memory, in_channels_ch2, array</column>
<column name="in_channels_ch2_ce0">out, 1, ap_memory, in_channels_ch2, array</column>
<column name="in_channels_ch2_q0">in, 8, ap_memory, in_channels_ch2, array</column>
<column name="in_channels_ch3_address0">out, 22, ap_memory, in_channels_ch3, array</column>
<column name="in_channels_ch3_ce0">out, 1, ap_memory, in_channels_ch3, array</column>
<column name="in_channels_ch3_q0">in, 8, ap_memory, in_channels_ch3, array</column>
<column name="in_width_read">in, 16, ap_none, in_width_read, scalar</column>
<column name="in_height_read">in, 16, ap_none, in_height_read, scalar</column>
<column name="out_channels_ch1_address0">out, 22, ap_memory, out_channels_ch1, array</column>
<column name="out_channels_ch1_ce0">out, 1, ap_memory, out_channels_ch1, array</column>
<column name="out_channels_ch1_we0">out, 1, ap_memory, out_channels_ch1, array</column>
<column name="out_channels_ch1_d0">out, 8, ap_memory, out_channels_ch1, array</column>
<column name="out_channels_ch2_address0">out, 22, ap_memory, out_channels_ch2, array</column>
<column name="out_channels_ch2_ce0">out, 1, ap_memory, out_channels_ch2, array</column>
<column name="out_channels_ch2_we0">out, 1, ap_memory, out_channels_ch2, array</column>
<column name="out_channels_ch2_d0">out, 8, ap_memory, out_channels_ch2, array</column>
<column name="out_channels_ch3_address0">out, 22, ap_memory, out_channels_ch3, array</column>
<column name="out_channels_ch3_ce0">out, 1, ap_memory, out_channels_ch3, array</column>
<column name="out_channels_ch3_we0">out, 1, ap_memory, out_channels_ch3, array</column>
<column name="out_channels_ch3_d0">out, 8, ap_memory, out_channels_ch3, array</column>
<column name="Y_scale">in, 8, ap_none, Y_scale, scalar</column>
<column name="U_scale">in, 8, ap_none, U_scale, scalar</column>
<column name="V_scale">in, 8, ap_none, V_scale, scalar</column>
</table>
</item>
</section>
</profile>
