<profile>

<section name = "Vivado HLS Report for 'yuv_filter'" level="0">
<item name = "Date">Wed Apr 19 16:04:20 2023
</item>
<item name = "Version">2017.2 (Build 1909853 on Thu Jun 15 18:55:24 MDT 2017)</item>
<item name = "Project">yuv_filter.prj</item>
<item name = "Solution">solution2</item>
<item name = "Product family">zynq</item>
<item name = "Target device">xc7z010clg400-1</item>
</section>

<section name = "Performance Estimates" level="0">
<item name = "Timing (ns)">
<section name = "" level="1">
<item name = "Summary"><table name="" hasTotal="0">
<keys size="4">Clock, Target, Estimated, Uncertainty</keys>
<column name="ap_clk">8.00, 9.63, 1.00</column>
</table>
</item>
</section>
</item>
<item name = "Latency (clock cycles)">
<section name = "" level="1">
<item name = "Summary"><table name="" hasTotal="0">
<keys size="6">, min, max, min, max, Type</keys>
<column name="">120035, 7372835, 120036, 7372836, none</column>
</table>
</item>
<item name = "Detail">
<section name = "" level="1">
<item name = "Instance"><table name="" hasTotal="0">
<keys size="7">Instance, Module, min, max, min, max, Type</keys>
<column name="grp_rgb2yuv_fu_114">rgb2yuv, 40010, 2457610, 40010, 2457610, none</column>
<column name="grp_yuv2rgb_fu_134">yuv2rgb, 40011, 2457611, 40011, 2457611, none</column>
<column name="grp_yuv_scale_fu_149">yuv_scale, 40009, 2457609, 40009, 2457609, none</column>
</table>
</item>
<item name = "Loop"><table name="" hasTotal="0">
<keys size="8">Loop Name, min, max, Latency, achieved, target, Count, Pipelined</keys>
</table>
</item>
</section>
</item>
</section>
</item>
</section>
</profile>
