<profile>

<section name = "Vivado HLS Report for 'yuv_filter'" level="0">
<item name = "Date">Wed Apr 19 16:04:21 2023
</item>
<item name = "Version">2017.2 (Build 1909853 on Thu Jun 15 18:55:24 MDT 2017)</item>
<item name = "Project">yuv_filter.prj</item>
<item name = "Solution">solution2</item>
<item name = "Product family">zynq</item>
<item name = "Target device">xc7z010clg400-1</item>
</section>

<section name = "Performance Estimates" level="0">
<item name = "Timing (ns)">
<section name = "" level="1">
<item name = "Target clock period (ns)">8.00</item>
<item name = "Clock uncertainty (ns)">1.00</item>
<item name = "Estimated clock period (ns)">9.63</item>
</section>
</item>
<item name = "Latency (clock cycles)">
<section name = "" level="1">
<item name = "Summary"><table name="" hasTotal="0">
<keys size="6">, min, max, min, max, Type</keys>
<column name="">120035, 7372835, 120036, 7372836, none</column>
</table>
</item>
<item name = "Detail">
<section name = "" level="1">
<item name = "Instance"><table name="" hasTotal="0">
<keys size="7">Instance, Module, min, max, min, max, Type</keys>
<column name="grp_rgb2yuv_fu_114">rgb2yuv, 40010, 2457610, 40010, 2457610, none</column>
<column name="grp_yuv2rgb_fu_134">yuv2rgb, 40011, 2457611, 40011, 2457611, none</column>
<column name="grp_yuv_scale_fu_149">yuv_scale, 40009, 2457609, 40009, 2457609, none</column>
</table>
</item>
<item name = "Loop"><table name="" hasTotal="0">
<keys size="8">Loop Name, min, max, Latency, achieved, target, Count, Pipelined</keys>
</table>
</item>
</section>
</item>
</section>
</item>
</section>

<section name = "Utilization Estimates" level="0">
<item name = "Summary"><table name="" hasTotal="1">
<keys size="5">Name, BRAM_18K, DSP48E, FF, LUT</keys>
<column name="DSP">-, -, -, -</column>
<column name="Expression">-, -, -, -</column>
<column name="FIFO">-, -, -, -</column>
<column name="Instance">-, 9, 2497, 1820</column>
<column name="Memory">12288, -, 96, 0</column>
<column name="Multiplexer">-, -, -, 274</column>
<column name="Register">-, -, 73, -</column>
<specialColumn name="Available">120, 80, 35200, 17600</specialColumn>
<specialColumn name="Utilization (%)">10240, 11, 7, 11</specialColumn>
</table>
</item>
<item name = "Detail">
<section name = "" level="1">
<item name = "Instance"><table name="" hasTotal="1">
<keys size="6">Instance, Module, BRAM_18K, DSP48E, FF, LUT</keys>
<column name="grp_rgb2yuv_fu_114">rgb2yuv, 0, 4, 942, 720</column>
<column name="grp_yuv2rgb_fu_134">yuv2rgb, 0, 4, 933, 581</column>
<column name="grp_yuv_scale_fu_149">yuv_scale, 0, 1, 622, 519</column>
</table>
</item>
<item name = "DSP48"><table name="" hasTotal="0">
<keys size="3">Instance, Module, Expression</keys>
</table>
</item>
<item name = "Memory"><table name="" hasTotal="1">
<keys size="9">Memory, Module, BRAM_18K, FF, LUT, Words, Bits, Banks, W*Bits*Banks</keys>
<column name="p_yuv_channels_ch1_U">yuv_filter_p_yuv_ibs, 2048, 16, 0, 2457600, 8, 1, 19660800</column>
<column name="p_yuv_channels_ch2_U">yuv_filter_p_yuv_ibs, 2048, 16, 0, 2457600, 8, 1, 19660800</column>
<column name="p_yuv_channels_ch3_U">yuv_filter_p_yuv_ibs, 2048, 16, 0, 2457600, 8, 1, 19660800</column>
<column name="p_scale_channels_ch1_U">yuv_filter_p_yuv_ibs, 2048, 16, 0, 2457600, 8, 1, 19660800</column>
<column name="p_scale_channels_ch2_U">yuv_filter_p_yuv_ibs, 2048, 16, 0, 2457600, 8, 1, 19660800</column>
<column name="p_scale_channels_ch3_U">yuv_filter_p_yuv_ibs, 2048, 16, 0, 2457600, 8, 1, 19660800</column>
</table>
</item>
<item name = "FIFO"><table name="" hasTotal="1">
<keys size="7">Name, BRAM_18K, FF, LUT, Depth, Bits, Size:D*B</keys>
</table>
</item>
<item name = "Expression"><table name="" hasTotal="1">
<keys size="7">Variable Name, Operation, DSP48E, FF, LUT, Bitwidth P0, Bitwidth P1</keys>
</table>
</item>
<item name = "Multiplexer"><table name="" hasTotal="1">
<keys size="5">Name, LUT, Input Size, Bits, Total Bits</keys>
<column name="ap_NS_fsm">40, 7, 1, 7</column>
<column name="p_scale_channels_ch1_address0">15, 3, 22, 66</column>
<column name="p_scale_channels_ch1_ce0">15, 3, 1, 3</column>
<column name="p_scale_channels_ch1_we0">9, 2, 1, 2</column>
<column name="p_scale_channels_ch2_address0">15, 3, 22, 66</column>
<column name="p_scale_channels_ch2_ce0">15, 3, 1, 3</column>
<column name="p_scale_channels_ch2_we0">9, 2, 1, 2</column>
<column name="p_scale_channels_ch3_address0">15, 3, 22, 66</column>
<column name="p_scale_channels_ch3_ce0">15, 3, 1, 3</column>
<column name="p_scale_channels_ch3_we0">9, 2, 1, 2</column>
<column name="p_yuv_channels_ch1_address0">15, 3, 22, 66</column>
<column name="p_yuv_channels_ch1_ce0">15, 3, 1, 3</column>
<column name="p_yuv_channels_ch1_we0">9, 2, 1, 2</column>
<column name="p_yuv_channels_ch2_address0">15, 3, 22, 66</column>
<column name="p_yuv_channels_ch2_ce0">15, 3, 1, 3</column>
<column name="p_yuv_channels_ch2_we0">9, 2, 1, 2</column>
<column name="p_yuv_channels_ch3_address0">15, 3, 22, 66</column>
<column name="p_yuv_channels_ch3_ce0">15, 3, 1, 3</column>
<column name="p_yuv_channels_ch3_we0">9, 2, 1, 2</column>
</table>
</item>
<item name = "Register"><table name="" hasTotal="1">
<keys size="5">Name, FF, LUT, Bits, Const Bits</keys>
<column name="ap_CS_fsm">6, 0, 6, 0</column>
<column name="ap_reg_grp_rgb2yuv_fu_114_ap_start">1, 0, 1, 0</column>
<column name="ap_reg_grp_yuv2rgb_fu_134_ap_start">1, 0, 1, 0</column>
<column name="ap_reg_grp_yuv_scale_fu_149_ap_start">1, 0, 1, 0</column>
<column name="p_scale_height_reg_233">16, 0, 16, 0</column>
<column name="p_scale_width_reg_228">16, 0, 16, 0</column>
<column name="p_yuv_height_reg_208">16, 0, 16, 0</column>
<column name="p_yuv_width_reg_203">16, 0, 16, 0</column>
</table>
</item>
</section>
</item>
</section>

<section name = "Interface" level="0">
<item name = "Summary"><table name="" hasTotal="0">
<keys size="6">RTL Ports, Dir, Bits, Protocol, Source Object, C Type</keys>
<column name="ap_clk">in, 1, ap_ctrl_hs, yuv_filter, return value</column>
<column name="ap_rst">in, 1, ap_ctrl_hs, yuv_filter, return value</column>
<column name="ap_start">in, 1, ap_ctrl_hs, yuv_filter, return value</column>
<column name="ap_done">out, 1, ap_ctrl_hs, yuv_filter, return value</column>
<column name="ap_idle">out, 1, ap_ctrl_hs, yuv_filter, return value</column>
<column name="ap_ready">out, 1, ap_ctrl_hs, yuv_filter, return value</column>
<column name="in_channels_ch1_address0">out, 22, ap_memory, in_channels_ch1, array</column>
<column name="in_channels_ch1_ce0">out, 1, ap_memory, in_channels_ch1, array</column>
<column name="in_channels_ch1_q0">in, 8, ap_memory, in_channels_ch1, array</column>
<column name="in_channels_ch2_address0">out, 22, ap_memory, in_channels_ch2, array</column>
<column name="in_channels_ch2_ce0">out, 1, ap_memory, in_channels_ch2, array</column>
<column name="in_channels_ch2_q0">in, 8, ap_memory, in_channels_ch2, array</column>
<column name="in_channels_ch3_address0">out, 22, ap_memory, in_channels_ch3, array</column>
<column name="in_channels_ch3_ce0">out, 1, ap_memory, in_channels_ch3, array</column>
<column name="in_channels_ch3_q0">in, 8, ap_memory, in_channels_ch3, array</column>
<column name="in_width">in, 16, ap_none, in_width, pointer</column>
<column name="in_height">in, 16, ap_none, in_height, pointer</column>
<column name="out_channels_ch1_address0">out, 22, ap_memory, out_channels_ch1, array</column>
<column name="out_channels_ch1_ce0">out, 1, ap_memory, out_channels_ch1, array</column>
<column name="out_channels_ch1_we0">out, 1, ap_memory, out_channels_ch1, array</column>
<column name="out_channels_ch1_d0">out, 8, ap_memory, out_channels_ch1, array</column>
<column name="out_channels_ch2_address0">out, 22, ap_memory, out_channels_ch2, array</column>
<column name="out_channels_ch2_ce0">out, 1, ap_memory, out_channels_ch2, array</column>
<column name="out_channels_ch2_we0">out, 1, ap_memory, out_channels_ch2, array</column>
<column name="out_channels_ch2_d0">out, 8, ap_memory, out_channels_ch2, array</column>
<column name="out_channels_ch3_address0">out, 22, ap_memory, out_channels_ch3, array</column>
<column name="out_channels_ch3_ce0">out, 1, ap_memory, out_channels_ch3, array</column>
<column name="out_channels_ch3_we0">out, 1, ap_memory, out_channels_ch3, array</column>
<column name="out_channels_ch3_d0">out, 8, ap_memory, out_channels_ch3, array</column>
<column name="out_width">out, 16, ap_vld, out_width, pointer</column>
<column name="out_width_ap_vld">out, 1, ap_vld, out_width, pointer</column>
<column name="out_height">out, 16, ap_vld, out_height, pointer</column>
<column name="out_height_ap_vld">out, 1, ap_vld, out_height, pointer</column>
<column name="Y_scale">in, 8, ap_none, Y_scale, scalar</column>
<column name="U_scale">in, 8, ap_none, U_scale, scalar</column>
<column name="V_scale">in, 8, ap_none, V_scale, scalar</column>
</table>
</item>
</section>

<section name = "Critical Path" level="0">
<item name = "Max Delay">9.63</item>
<item name = "Critical Path Table"><table name="Critical Path Table" hasTotal="0">
<keys size="15">Name, Operator, Delay, Accumulated Delay, Store Source, Resource, Core, Interface, Type, Port, Array, Scope, Pointer, Callee, Phi Node</keys>
<column name="'_yuv.channels.ch1', yuv_filter.c:17">alloca, 3.25, 3.25, -, -, -, -, -, -, -, -, -, -, -</column>
<column name="'call_ret', yuv_filter.c:23">call, 6.38, 9.63, -, -, -, -, -, -, -, -, -, rgb2yuv, -</column>
</table>
</item>
</section>
</profile>
